demo_id,t,x,y
0,0,0,0
0,0.002004008016,0.007214428858,0.012591221
0,0.004008016032,0.01442885772,0.02518044572
0,0.006012024048,0.02164328657,0.0377656782
0,0.008016032064,0.02885771543,0.05034492313
0,0.01002004008,0.03607214429,0.0629161861
0,0.0120240481,0.04328657315,0.07547747403
0,0.01402805611,0.050501002,0.08802679536
0,0.01603206413,0.05771543086,0.1005621605
0,0.01803607214,0.06492985972,0.113081582
0,0.02004008016,0.07214428858,0.1255830749
0,0.02204408818,0.07935871743,0.1380646573
0,0.0240480962,0.08657314629,0.1505243501
0,0.0260521042,0.09378757515,0.1629601781
0,0.02805611222,0.101002004,0.1753701695
0,0.03006012024,0.1082164329,0.1877523569
0,0.03206412826,0.1154308617,0.200104777
0,0.03406813628,0.1226452906,0.2124254715
0,0.03607214428,0.1298597194,0.224712487
0,0.0380761523,0.1370741483,0.2369638754
0,0.04008016032,0.1442885772,0.2491776943
0,0.04208416834,0.151503006,0.2613520073
0,0.04408817636,0.1587174349,0.2734848842
0,0.04609218436,0.1659318637,0.2855744014
0,0.04809619238,0.1731462926,0.2976186422
0,0.0501002004,0.1803607214,0.3096156971
0,0.05210420842,0.1875751503,0.3215636638
0,0.05410821644,0.1947895792,0.3334606482
0,0.05611222444,0.202004008,0.345304764
0,0.05811623246,0.2092184369,0.3570941335
0,0.06012024048,0.2164328657,0.3688268874
0,0.0621242485,0.2236472946,0.3805011656
0,0.06412825652,0.2308617234,0.3921151172
0,0.06613226452,0.2380761523,0.4036669009
0,0.06813627254,0.2452905812,0.4151546851
0,0.07014028056,0.25250501,0.4265766486
0,0.07214428858,0.2597194389,0.4379309804
0,0.0741482966,0.2669338677,0.4492158804
0,0.0761523046,0.2741482966,0.4604295594
0,0.07815631262,0.2813627255,0.4715702396
0,0.08016032064,0.2885771543,0.4826361545
0,0.08216432866,0.2957915832,0.4936255499
0,0.08416833668,0.303006012,0.5045366834
0,0.08617234468,0.3102204409,0.515367825
0,0.0881763527,0.3174348697,0.5261172575
0,0.09018036072,0.3246492986,0.5367832768
0,0.09218436874,0.3318637275,0.5473641916
0,0.09418837676,0.3390781563,0.5578583245
0,0.09619238476,0.3462925852,0.5682640117
0,0.09819639278,0.353507014,0.5785796034
0,0.1002004008,0.3607214429,0.5888034642
0,0.1022044088,0.3679358717,0.598933973
0,0.1042084168,0.3751503006,0.6089695237
0,0.1062124248,0.3823647295,0.6189085253
0,0.1082164329,0.3895791583,0.628749402
0,0.1102204409,0.3967935872,0.6384905935
0,0.1122244489,0.404008016,0.6481305554
0,0.1142284569,0.4112224449,0.6576677594
0,0.1162324649,0.4184368737,0.6671006933
0,0.1182364729,0.4256513026,0.6764278617
0,0.120240481,0.4328657315,0.6856477858
0,0.122244489,0.4400801603,0.6947590037
0,0.124248497,0.4472945892,0.703760071
0,0.126252505,0.454509018,0.7126495606
0,0.128256513,0.4617234469,0.721426063
0,0.130260521,0.4689378758,0.7300881868
0,0.1322645291,0.4761523046,0.7386345587
0,0.1342685371,0.4833667335,0.7470638237
0,0.1362725451,0.4905811623,0.7553746454
0,0.1382765531,0.4977955912,0.7635657061
0,0.1402805611,0.50501002,0.7716357072
0,0.1422845691,0.5122244489,0.7795833692
0,0.1442885772,0.5194388778,0.787407432
0,0.1462925852,0.5266533066,0.7951066552
0,0.1482965932,0.5338677355,0.8026798182
0,0.1503006012,0.5410821643,0.8101257201
0,0.1523046092,0.5482965932,0.8174431806
0,0.1543086172,0.555511022,0.8246310395
0,0.1563126253,0.5627254509,0.8316881571
0,0.1583166333,0.5699398798,0.8386134146
0,0.1603206413,0.5771543086,0.845405714
0,0.1623246493,0.5843687375,0.8520639785
0,0.1643286573,0.5915831663,0.8585871523
0,0.1663326653,0.5987975952,0.8649742014
0,0.1683366733,0.606012024,0.871224113
0,0.1703406814,0.6132264529,0.8773358963
0,0.1723446894,0.6204408818,0.8833085822
0,0.1743486974,0.6276553106,0.8891412239
0,0.1763527054,0.6348697395,0.8948328965
0,0.1783567134,0.6420841683,0.9003826978
0,0.1803607214,0.6492985972,0.9057897477
0,0.1823647295,0.6565130261,0.9110531891
0,0.1843687375,0.6637274549,0.9161721875
0,0.1863727455,0.6709418838,0.9211459312
0,0.1883767535,0.6781563126,0.9259736317
0,0.1903807615,0.6853707415,0.9306545237
0,0.1923847695,0.6925851703,0.9351878648
0,0.1943887776,0.6997995992,0.9395729365
0,0.1963927856,0.7070140281,0.9438090435
0,0.1983967936,0.7142284569,0.9478955141
0,0.2004008016,0.7214428858,0.9518317005
0,0.2024048096,0.7286573146,0.9556169787
0,0.2044088176,0.7358717435,0.9592507484
0,0.2064128256,0.7430861723,0.9627324336
0,0.2084168336,0.7503006012,0.9660614823
0,0.2104208416,0.7575150301,0.9692373666
0,0.2124248496,0.7647294589,0.972259583
0,0.2144288578,0.7719438878,0.9751276524
0,0.2164328658,0.7791583166,0.9778411201
0,0.2184368738,0.7863727455,0.9803995558
0,0.2204408818,0.7935871743,0.982802554
0,0.2224448898,0.8008016032,0.9850497336
0,0.2244488978,0.8080160321,0.9871407384
0,0.2264529058,0.8152304609,0.9890752368
0,0.2284569138,0.8224448898,0.9908529221
0,0.2304609218,0.8296593186,0.9924735125
0,0.2324649298,0.8368737475,0.9939367511
0,0.2344689378,0.8440881764,0.9952424059
0,0.2364729458,0.8513026052,0.9963902698
0,0.238476954,0.8585170341,0.9973801609
0,0.240480962,0.8657314629,0.9982119222
0,0.24248497,0.8729458918,0.9988854219
0,0.244488978,0.8801603206,0.9994005532
0,0.246492986,0.8873747495,0.9997572344
0,0.248496994,0.8945891784,0.9999554089
0,0.250501002,0.9018036072,0.9999950454
0,0.25250501,0.9090180361,0.9998761375
0,0.254509018,0.9162324649,0.9995987042
0,0.256513026,0.9234468938,0.9991627893
0,0.258517034,0.9306613226,0.9985684621
0,0.260521042,0.9378757515,0.9978158166
0,0.2625250502,0.9450901804,0.9969049724
0,0.2645290582,0.9523046092,0.9958360737
0,0.2665330662,0.9595190381,0.99460929
0,0.2685370742,0.9667334669,0.9932248159
0,0.2705410822,0.9739478958,0.9916828708
0,0.2725450902,0.9811623246,0.9899836993
0,0.2745490982,0.9883767535,0.9881275706
0,0.2765531062,0.9955911824,0.9861147791
0,0.2785571142,1.002805611,0.983945644
0,0.2805611222,1.01002004,0.981620509
0,0.2825651302,1.017234469,0.9791397429
0,0.2845691382,1.024448898,0.976503739
0,0.2865731462,1.031663327,0.9737129151
0,0.2885771544,1.038877756,0.9707677138
0,0.2905811624,1.046092184,0.967668602
0,0.2925851704,1.053306613,0.9644160711
0,0.2945891784,1.060521042,0.9610106366
0,0.2965931864,1.067735471,0.9574528387
0,0.2985971944,1.0749499,0.9537432412
0,0.3006012024,1.082164329,0.9498824324
0,0.3026052104,1.089378758,0.9458710244
0,0.3046092184,1.096593186,0.9417096531
0,0.3066132264,1.103807615,0.9373989784
0,0.3086172344,1.111022044,0.9329396835
0,0.3106212424,1.118236473,0.9283324757
0,0.3126252506,1.125450902,0.9235780853
0,0.3146292586,1.132665331,0.918677266
0,0.3166332666,1.13987976,0.913630795
0,0.3186372746,1.147094188,0.9084394722
0,0.3206412826,1.154308617,0.9031041208
0,0.3226452906,1.161523046,0.8976255866
0,0.3246492986,1.168737475,0.8920047382
0,0.3266533066,1.175951904,0.8862424669
0,0.3286573146,1.183166333,0.8803396861
0,0.3306613226,1.190380762,0.8742973318
0,0.3326653306,1.19759519,0.8681163618
0,0.3346693386,1.204809619,0.8617977563
0,0.3366733466,1.212024048,0.8553425169
0,0.3386773548,1.219238477,0.8487516671
0,0.3406813628,1.226452906,0.8420262518
0,0.3426853708,1.233667335,0.8351673374
0,0.3446893788,1.240881764,0.8281760113
0,0.3466933868,1.248096192,0.821053382
0,0.3486973948,1.255310621,0.8138005786
0,0.3507014028,1.26252505,0.806418751
0,0.3527054108,1.269739479,0.7989090698
0,0.3547094188,1.276953908,0.7912727253
0,0.3567134268,1.284168337,0.7835109285
0,0.3587174348,1.291382766,0.7756249098
0,0.3607214428,1.298597194,0.7676159195
0,0.362725451,1.305811623,0.7594852275
0,0.364729459,1.313026052,0.7512341228
0,0.366733467,1.320240481,0.7428639136
0,0.368737475,1.32745491,0.7343759269
0,0.370741483,1.334669339,0.7257715085
0,0.372745491,1.341883768,0.7170520225
0,0.374749499,1.349098196,0.7082188515
0,0.376753507,1.356312625,0.6992733958
0,0.378757515,1.363527054,0.6902170737
0,0.380761523,1.370741483,0.6810513211
0,0.382765531,1.377955912,0.6717775911
0,0.384769539,1.385170341,0.662397354
0,0.386773547,1.39238477,0.652912097
0,0.3887775552,1.399599198,0.643323324
0,0.3907815632,1.406813627,0.6336325553
0,0.3927855712,1.414028056,0.6238413271
0,0.3947895792,1.421242485,0.613951192
0,0.3967935872,1.428456914,0.6039637179
0,0.3987975952,1.435671343,0.5938804883
0,0.4008016032,1.442885772,0.5837031018
0,0.4028056112,1.4501002,0.5734331721
0,0.4048096192,1.457314629,0.5630723273
0,0.4068136272,1.464529058,0.5526222101
0,0.4088176352,1.471743487,0.5420844774
0,0.4108216432,1.478957916,0.5314607998
0,0.4128256514,1.486172345,0.5207528617
0,0.4148296594,1.493386774,0.5099623608
0,0.4168336674,1.500601202,0.4990910078
0,0.4188376754,1.507815631,0.4881405264
0,0.4208416834,1.51503006,0.4771126526
0,0.4228456914,1.522244489,0.466009135
0,0.4248496994,1.529458918,0.4548317339
0,0.4268537074,1.536673347,0.4435822215
0,0.4288577154,1.543887776,0.4322623812
0,0.4308617234,1.551102204,0.4208740078
0,0.4328657314,1.558316633,0.409418907
0,0.4348697394,1.565531062,0.3978988947
0,0.4368737474,1.572745491,0.3863157975
0,0.4388777556,1.57995992,0.3746714519
0,0.4408817636,1.587174349,0.3629677039
0,0.4428857716,1.594388778,0.3512064091
0,0.4448897796,1.601603206,0.3393894323
0,0.4468937876,1.608817635,0.3275186469
0,0.4488977956,1.616032064,0.315595935
0,0.4509018036,1.623246493,0.303623187
0,0.4529058116,1.630460922,0.2916023009
0,0.4549098196,1.637675351,0.2795351828
0,0.4569138276,1.64488978,0.2674237456
0,0.4589178356,1.652104208,0.2552699098
0,0.4609218436,1.659318637,0.2430756022
0,0.4629258518,1.666533066,0.2308427561
0,0.4649298598,1.673747495,0.218573311
0,0.4669338678,1.680961924,0.2062692122
0,0.4689378758,1.688176353,0.1939324104
0,0.4709418838,1.695390782,0.1815648615
0,0.4729458918,1.70260521,0.1691685265
0,0.4749498998,1.709819639,0.1567453706
0,0.4769539078,1.717034068,0.1442973634
0,0.4789579158,1.724248497,0.1318264787
0,0.4809619238,1.731462926,0.1193346934
0,0.4829659318,1.738677355,0.1068239883
0,0.4849699398,1.745891784,0.09429634672
0,0.4869739478,1.753106212,0.08175375492
0,0.488977956,1.760320641,0.06919820146
0,0.490981964,1.76753507,0.05663167696
0,0.492985972,1.774749499,0.04405617379
0,0.49498998,1.781963928,0.03147368572
0,0.496993988,1.789178357,0.01888620765
0,0.498997996,1.796392786,0.00629573527
0,0.501002004,1.803607214,-0.00629573527
0,0.503006012,1.810821643,-0.01888620765
0,0.50501002,1.818036072,-0.03147368572
0,0.507014028,1.825250501,-0.04405617379
0,0.509018036,1.83246493,-0.05663167696
0,0.511022044,1.839679359,-0.06919820146
0,0.5130260522,1.846893788,-0.08175375492
0,0.5150300602,1.854108216,-0.09429634672
0,0.5170340682,1.861322645,-0.1068239883
0,0.5190380762,1.868537074,-0.1193346934
0,0.5210420842,1.875751503,-0.1318264787
0,0.5230460922,1.882965932,-0.1442973634
0,0.5250501002,1.890180361,-0.1567453706
0,0.5270541082,1.89739479,-0.1691685265
0,0.5290581162,1.904609218,-0.1815648615
0,0.5310621242,1.911823647,-0.1939324104
0,0.5330661322,1.919038076,-0.2062692122
0,0.5350701402,1.926252505,-0.218573311
0,0.5370741482,1.933466934,-0.2308427561
0,0.5390781564,1.940681363,-0.2430756022
0,0.5410821644,1.947895792,-0.2552699098
0,0.5430861724,1.95511022,-0.2674237456
0,0.5450901804,1.962324649,-0.2795351828
0,0.5470941884,1.969539078,-0.2916023009
0,0.5490981964,1.976753507,-0.303623187
0,0.5511022044,1.983967936,-0.315595935
0,0.5531062124,1.991182365,-0.3275186469
0,0.5551102204,1.998396794,-0.3393894323
0,0.5571142284,2.005611222,-0.3512064091
0,0.5591182364,2.012825651,-0.3629677039
0,0.5611222444,2.02004008,-0.3746714519
0,0.5631262526,2.027254509,-0.3863157975
0,0.5651302606,2.034468938,-0.3978988947
0,0.5671342686,2.041683367,-0.409418907
0,0.5691382766,2.048897796,-0.4208740078
0,0.5711422846,2.056112224,-0.4322623812
0,0.5731462926,2.063326653,-0.4435822215
0,0.5751503006,2.070541082,-0.4548317339
0,0.5771543086,2.077755511,-0.466009135
0,0.5791583166,2.08496994,-0.4771126526
0,0.5811623246,2.092184369,-0.4881405264
0,0.5831663326,2.099398798,-0.4990910078
0,0.5851703406,2.106613226,-0.5099623608
0,0.5871743486,2.113827655,-0.5207528617
0,0.5891783568,2.121042084,-0.5314607998
0,0.5911823648,2.128256513,-0.5420844774
0,0.5931863728,2.135470942,-0.5526222101
0,0.5951903808,2.142685371,-0.5630723273
0,0.5971943888,2.1498998,-0.5734331721
0,0.5991983968,2.157114228,-0.5837031018
0,0.6012024048,2.164328657,-0.5938804883
0,0.6032064128,2.171543086,-0.6039637179
0,0.6052104208,2.178757515,-0.613951192
0,0.6072144288,2.185971944,-0.6238413271
0,0.6092184368,2.193186373,-0.6336325553
0,0.6112224448,2.200400802,-0.643323324
0,0.613226453,2.20761523,-0.652912097
0,0.615230461,2.214829659,-0.662397354
0,0.617234469,2.222044088,-0.6717775911
0,0.619238477,2.229258517,-0.6810513211
0,0.621242485,2.236472946,-0.6902170737
0,0.623246493,2.243687375,-0.6992733958
0,0.625250501,2.250901804,-0.7082188515
0,0.627254509,2.258116232,-0.7170520225
0,0.629258517,2.265330661,-0.7257715085
0,0.631262525,2.27254509,-0.7343759269
0,0.633266533,2.279759519,-0.7428639136
0,0.635270541,2.286973948,-0.7512341228
0,0.637274549,2.294188377,-0.7594852275
0,0.6392785572,2.301402806,-0.7676159195
0,0.6412825652,2.308617234,-0.7756249098
0,0.6432865732,2.315831663,-0.7835109285
0,0.6452905812,2.323046092,-0.7912727253
0,0.6472945892,2.330260521,-0.7989090698
0,0.6492985972,2.33747495,-0.806418751
0,0.6513026052,2.344689379,-0.8138005786
0,0.6533066132,2.351903808,-0.821053382
0,0.6553106212,2.359118236,-0.8281760113
0,0.6573146292,2.366332665,-0.8351673374
0,0.6593186372,2.373547094,-0.8420262518
0,0.6613226452,2.380761523,-0.8487516671
0,0.6633266534,2.387975952,-0.8553425169
0,0.6653306614,2.395190381,-0.8617977563
0,0.6673346694,2.40240481,-0.8681163618
0,0.6693386774,2.409619238,-0.8742973318
0,0.6713426854,2.416833667,-0.8803396861
0,0.6733466934,2.424048096,-0.8862424669
0,0.6753507014,2.431262525,-0.8920047382
0,0.6773547094,2.438476954,-0.8976255866
0,0.6793587174,2.445691383,-0.9031041208
0,0.6813627254,2.452905812,-0.9084394722
0,0.6833667334,2.46012024,-0.913630795
0,0.6853707414,2.467334669,-0.918677266
0,0.6873747494,2.474549098,-0.9235780853
0,0.6893787576,2.481763527,-0.9283324757
0,0.6913827656,2.488977956,-0.9329396835
0,0.6933867736,2.496192385,-0.9373989784
0,0.6953907816,2.503406814,-0.9417096531
0,0.6973947896,2.510621242,-0.9458710244
0,0.6993987976,2.517835671,-0.9498824324
0,0.7014028056,2.5250501,-0.9537432412
0,0.7034068136,2.532264529,-0.9574528387
0,0.7054108216,2.539478958,-0.9610106366
0,0.7074148296,2.546693387,-0.9644160711
0,0.7094188376,2.553907816,-0.967668602
0,0.7114228456,2.561122244,-0.9707677138
0,0.7134268538,2.568336673,-0.9737129151
0,0.7154308618,2.575551102,-0.976503739
0,0.7174348698,2.582765531,-0.9791397429
0,0.7194388778,2.58997996,-0.981620509
0,0.7214428858,2.597194389,-0.983945644
0,0.7234468938,2.604408818,-0.9861147791
0,0.7254509018,2.611623246,-0.9881275706
0,0.7274549098,2.618837675,-0.9899836993
0,0.7294589178,2.626052104,-0.9916828708
0,0.7314629258,2.633266533,-0.9932248159
0,0.7334669338,2.640480962,-0.99460929
0,0.7354709418,2.647695391,-0.9958360737
0,0.7374749498,2.65490982,-0.9969049724
0,0.739478958,2.662124248,-0.9978158166
0,0.741482966,2.669338677,-0.9985684621
0,0.743486974,2.676553106,-0.9991627893
0,0.745490982,2.683767535,-0.9995987042
0,0.74749499,2.690981964,-0.9998761375
0,0.749498998,2.698196393,-0.9999950454
0,0.751503006,2.705410822,-0.9999554089
0,0.753507014,2.712625251,-0.9997572344
0,0.755511022,2.719839679,-0.9994005532
0,0.75751503,2.727054108,-0.9988854219
0,0.759519038,2.734268537,-0.9982119222
0,0.761523046,2.741482966,-0.9973801609
0,0.7635270542,2.748697395,-0.9963902698
0,0.7655310622,2.755911824,-0.9952424059
0,0.7675350702,2.763126253,-0.9939367511
0,0.7695390782,2.770340681,-0.9924735125
0,0.7715430862,2.77755511,-0.9908529221
0,0.7735470942,2.784769539,-0.9890752368
0,0.7755511022,2.791983968,-0.9871407384
0,0.7775551102,2.799198397,-0.9850497336
0,0.7795591182,2.806412826,-0.982802554
0,0.7815631262,2.813627255,-0.9803995558
0,0.7835671342,2.820841683,-0.9778411201
0,0.7855711422,2.828056112,-0.9751276524
0,0.7875751504,2.835270541,-0.972259583
0,0.7895791584,2.84248497,-0.9692373666
0,0.7915831664,2.849699399,-0.9660614823
0,0.7935871744,2.856913828,-0.9627324336
0,0.7955911824,2.864128257,-0.9592507484
0,0.7975951904,2.871342685,-0.9556169787
0,0.7995991984,2.878557114,-0.9518317005
0,0.8016032064,2.885771543,-0.9478955141
0,0.8036072144,2.892985972,-0.9438090435
0,0.8056112224,2.900200401,-0.9395729365
0,0.8076152304,2.90741483,-0.9351878648
0,0.8096192384,2.914629259,-0.9306545237
0,0.8116232464,2.921843687,-0.9259736317
0,0.8136272546,2.929058116,-0.9211459312
0,0.8156312626,2.936272545,-0.9161721875
0,0.8176352706,2.943486974,-0.9110531891
0,0.8196392786,2.950701403,-0.9057897477
0,0.8216432866,2.957915832,-0.9003826978
0,0.8236472946,2.965130261,-0.8948328965
0,0.8256513026,2.972344689,-0.8891412239
0,0.8276553106,2.979559118,-0.8833085822
0,0.8296593186,2.986773547,-0.8773358963
0,0.8316633266,2.993987976,-0.871224113
0,0.8336673346,3.001202405,-0.8649742014
0,0.8356713426,3.008416834,-0.8585871523
0,0.8376753508,3.015631263,-0.8520639785
0,0.8396793588,3.022845691,-0.845405714
0,0.8416833668,3.03006012,-0.8386134146
0,0.8436873748,3.037274549,-0.8316881571
0,0.8456913828,3.044488978,-0.8246310395
0,0.8476953908,3.051703407,-0.8174431806
0,0.8496993988,3.058917836,-0.8101257201
0,0.8517034068,3.066132265,-0.8026798182
0,0.8537074148,3.073346693,-0.7951066552
0,0.8557114228,3.080561122,-0.787407432
0,0.8577154308,3.087775551,-0.7795833692
0,0.8597194388,3.09498998,-0.7716357072
0,0.8617234468,3.102204409,-0.7635657061
0,0.863727455,3.109418838,-0.7553746454
0,0.865731463,3.116633267,-0.7470638237
0,0.867735471,3.123847695,-0.7386345587
0,0.869739479,3.131062124,-0.7300881868
0,0.871743487,3.138276553,-0.721426063
0,0.873747495,3.145490982,-0.7126495606
0,0.875751503,3.152705411,-0.703760071
0,0.877755511,3.15991984,-0.6947590037
0,0.879759519,3.167134269,-0.6856477858
0,0.881763527,3.174348697,-0.6764278617
0,0.883767535,3.181563126,-0.6671006933
0,0.885771543,3.188777555,-0.6576677594
0,0.8877755512,3.195991984,-0.6481305554
0,0.8897795592,3.203206413,-0.6384905935
0,0.8917835672,3.210420842,-0.628749402
0,0.8937875752,3.217635271,-0.6189085253
0,0.8957915832,3.224849699,-0.6089695237
0,0.8977955912,3.232064128,-0.598933973
0,0.8997995992,3.239278557,-0.5888034642
0,0.9018036072,3.246492986,-0.5785796034
0,0.9038076152,3.253707415,-0.5682640117
0,0.9058116232,3.260921844,-0.5578583245
0,0.9078156312,3.268136273,-0.5473641916
0,0.9098196392,3.275350701,-0.5367832768
0,0.9118236472,3.28256513,-0.5261172575
0,0.9138276554,3.289779559,-0.515367825
0,0.9158316634,3.296993988,-0.5045366834
0,0.9178356714,3.304208417,-0.4936255499
0,0.9198396794,3.311422846,-0.4826361545
0,0.9218436874,3.318637275,-0.4715702396
0,0.9238476954,3.325851703,-0.4604295594
0,0.9258517034,3.333066132,-0.4492158804
0,0.9278557114,3.340280561,-0.4379309804
0,0.9298597194,3.34749499,-0.4265766486
0,0.9318637274,3.354709419,-0.4151546851
0,0.9338677354,3.361923848,-0.4036669009
0,0.9358717434,3.369138277,-0.3921151172
0,0.9378757516,3.376352705,-0.3805011656
0,0.9398797596,3.383567134,-0.3688268874
0,0.9418837676,3.390781563,-0.3570941335
0,0.9438877756,3.397995992,-0.345304764
0,0.9458917836,3.405210421,-0.3334606482
0,0.9478957916,3.41242485,-0.3215636638
0,0.9498997996,3.419639279,-0.3096156971
0,0.9519038076,3.426853707,-0.2976186422
0,0.9539078156,3.434068136,-0.2855744014
0,0.9559118236,3.441282565,-0.2734848842
0,0.9579158316,3.448496994,-0.2613520073
0,0.9599198396,3.455711423,-0.2491776943
0,0.9619238476,3.462925852,-0.2369638754
0,0.9639278558,3.470140281,-0.224712487
0,0.9659318638,3.477354709,-0.2124254715
0,0.9679358718,3.484569138,-0.200104777
0,0.9699398798,3.491783567,-0.1877523569
0,0.9719438878,3.498997996,-0.1753701695
0,0.9739478958,3.506212425,-0.1629601781
0,0.9759519038,3.513426854,-0.1505243501
0,0.9779559118,3.520641283,-0.1380646573
0,0.9799599198,3.527855711,-0.1255830749
0,0.9819639278,3.53507014,-0.113081582
0,0.9839679358,3.542284569,-0.1005621605
0,0.9859719438,3.549498998,-0.08802679536
0,0.987975952,3.556713427,-0.07547747403
0,0.98997996,3.563927856,-0.0629161861
0,0.991983968,3.571142285,-0.05034492313
0,0.993987976,3.578356713,-0.0377656782
0,0.995991984,3.585571142,-0.02518044572
0,0.997995992,3.592785571,-0.012591221
0,1,3.6,-2.449293598e-16
1,0,0,0
1,0.002004008016,0.007615230461,0.01459522901
1,0.004008016032,0.01523046092,0.02918846175
1,0.006012024048,0.02284569138,0.04377770225
1,0.008016032064,0.03046092184,0.05836095519
1,0.01002004008,0.0380761523,0.07293622618
1,0.0120240481,0.04569138277,0.08750152212
1,0.01402805611,0.05330661323,0.1020548515
1,0.01603206413,0.06092184369,0.1165942246
1,0.01803607214,0.06853707415,0.1311176541
1,0.02004008016,0.07615230461,0.1456231551
1,0.02204408818,0.08376753507,0.1601087454
1,0.0240480962,0.09138276553,0.1745724463
1,0.0260521042,0.09899799599,0.1890122823
1,0.02805611222,0.1066132265,0.2034262818
1,0.03006012024,0.1142284569,0.2178124771
1,0.03206412826,0.1218436874,0.2321689053
1,0.03406813628,0.1294589178,0.2464936078
1,0.03607214428,0.1370741483,0.2607846313
1,0.0380761523,0.1446893788,0.2750400277
1,0.04008016032,0.1523046092,0.2892578546
1,0.04208416834,0.1599198397,0.3034361756
1,0.04408817636,0.1675350701,0.3175730606
1,0.04609218436,0.1751503006,0.3316665858
1,0.04809619238,0.1827655311,0.3457148346
1,0.0501002004,0.1903807615,0.3597158975
1,0.05210420842,0.197995992,0.3736678722
1,0.05410821644,0.2056112224,0.3875688646
1,0.05611222444,0.2132264529,0.4014169885
1,0.05811623246,0.2208416834,0.4152103659
1,0.06012024048,0.2284569138,0.4289471279
1,0.0621242485,0.2360721443,0.4426254141
1,0.06412825652,0.2436873747,0.4562433737
1,0.06613226452,0.2513026052,0.4697991654
1,0.06813627254,0.2589178357,0.4832909576
1,0.07014028056,0.2665330661,0.4967169291
1,0.07214428858,0.2741482966,0.510075269
1,0.0741482966,0.2817635271,0.523364177
1,0.0761523046,0.2893787575,0.536581864
1,0.07815631262,0.296993988,0.5497265522
1,0.08016032064,0.3046092184,0.5627964752
1,0.08216432866,0.3122244489,0.5757898786
1,0.08416833668,0.3198396794,0.58870502
1,0.08617234468,0.3274549098,0.6015401697
1,0.0881763527,0.3350701403,0.6142936102
1,0.09018036072,0.3426853707,0.6269636375
1,0.09218436874,0.3503006012,0.6395485603
1,0.09418837676,0.3579158317,0.6520467013
1,0.09619238476,0.3655310621,0.6644563965
1,0.09819639278,0.3731462926,0.6767759962
1,0.1002004008,0.380761523,0.689003865
1,0.1022044088,0.3883767535,0.7011383818
1,0.1042084168,0.395991984,0.7131779405
1,0.1062124248,0.4036072144,0.7251209502
1,0.1082164329,0.4112224449,0.7369658348
1,0.1102204409,0.4188376754,0.7487110343
1,0.1122244489,0.4264529058,0.7603550043
1,0.1142284569,0.4340681363,0.7718962163
1,0.1162324649,0.4416833667,0.7833331583
1,0.1182364729,0.4492985972,0.7946643347
1,0.120240481,0.4569138277,0.8058882667
1,0.122244489,0.4645290581,0.8170034927
1,0.124248497,0.4721442886,0.828008568
1,0.126252505,0.479759519,0.8389020656
1,0.128256513,0.4873747495,0.849682576
1,0.130260521,0.49498998,0.8603487079
1,0.1322645291,0.5026052104,0.8708990878
1,0.1342685371,0.5102204409,0.8813323608
1,0.1362725451,0.5178356713,0.8916471905
1,0.1382765531,0.5254509018,0.9018422592
1,0.1402805611,0.5330661323,0.9119162683
1,0.1422845691,0.5406813627,0.9218679383
1,0.1442885772,0.5482965932,0.9316960092
1,0.1462925852,0.5559118236,0.9413992404
1,0.1482965932,0.5635270541,0.9509764114
1,0.1503006012,0.5711422846,0.9604263213
1,0.1523046092,0.578757515,0.9697477898
1,0.1543086172,0.5863727455,0.9789396567
1,0.1563126253,0.593987976,0.9880007823
1,0.1583166333,0.6016032064,0.9969300478
1,0.1603206413,0.6092184369,1.005726355
1,0.1623246493,0.6168336673,1.014388628
1,0.1643286573,0.6244488978,1.02291581
1,0.1663326653,0.6320641283,1.031306867
1,0.1683366733,0.6396793587,1.039560786
1,0.1703406814,0.6472945892,1.047676578
1,0.1723446894,0.6549098196,1.055653272
1,0.1743486974,0.6625250501,1.063489921
1,0.1763527054,0.6701402806,1.071185602
1,0.1783567134,0.677755511,1.078739411
1,0.1803607214,0.6853707415,1.086150469
1,0.1823647295,0.6929859719,1.093417919
1,0.1843687375,0.7006012024,1.100540925
1,0.1863727455,0.7082164329,1.107518677
1,0.1883767535,0.7158316633,1.114350385
1,0.1903807615,0.7234468938,1.121035285
1,0.1923847695,0.7310621242,1.127572634
1,0.1943887776,0.7386773547,1.133961714
1,0.1963927856,0.7462925852,1.140201829
1,0.1983967936,0.7539078156,1.146292308
1,0.2004008016,0.7615230461,1.152232502
1,0.2024048096,0.7691382766,1.158021788
1,0.2044088176,0.776753507,1.163659566
1,0.2064128256,0.7843687375,1.169145259
1,0.2084168336,0.7919839679,1.174478316
1,0.2104208416,0.7995991984,1.179658208
1,0.2124248496,0.8072144289,1.184684433
1,0.2144288578,0.8148296593,1.18955651
1,0.2164328658,0.8224448898,1.194273986
1,0.2184368738,0.8300601202,1.19883643
1,0.2204408818,0.8376753507,1.203243436
1,0.2224448898,0.8452905812,1.207494623
1,0.2244488978,0.8529058116,1.211589636
1,0.2264529058,0.8605210421,1.215528143
1,0.2284569138,0.8681362725,1.219309836
1,0.2304609218,0.875751503,1.222934434
1,0.2324649298,0.8833667335,1.226401681
1,0.2344689378,0.8909819639,1.229711344
1,0.2364729458,0.8985971944,1.232863216
1,0.238476954,0.9062124248,1.235857115
1,0.240480962,0.9138276553,1.238692884
1,0.24248497,0.9214428858,1.241370392
1,0.244488978,0.9290581162,1.243889531
1,0.246492986,0.9366733467,1.24625022
1,0.248496994,0.9442885772,1.248452403
1,0.250501002,0.9519038076,1.250496047
1,0.25250501,0.9595190381,1.252381148
1,0.254509018,0.9671342685,1.254107722
1,0.256513026,0.974749499,1.255675815
1,0.258517034,0.9823647295,1.257085496
1,0.260521042,0.9899799599,1.258336859
1,0.2625250502,0.9975951904,1.259430022
1,0.2645290582,1.005210421,1.260365132
1,0.2665330662,1.012825651,1.261142356
1,0.2685370742,1.020440882,1.26176189
1,0.2705410822,1.028056112,1.262223953
1,0.2725450902,1.035671343,1.262528789
1,0.2745490982,1.043286573,1.262676669
1,0.2765531062,1.050901804,1.262667885
1,0.2785571142,1.058517034,1.262502758
1,0.2805611222,1.066132265,1.262181631
1,0.2825651302,1.073747495,1.261704873
1,0.2845691382,1.081362725,1.261072877
1,0.2865731462,1.088977956,1.260286061
1,0.2885771544,1.096593186,1.259344868
1,0.2905811624,1.104208417,1.258249764
1,0.2925851704,1.111823647,1.257001241
1,0.2945891784,1.119438878,1.255599815
1,0.2965931864,1.127054108,1.254046025
1,0.2985971944,1.134669339,1.252340436
1,0.3006012024,1.142284569,1.250483635
1,0.3026052104,1.1498998,1.248476235
1,0.3046092184,1.15751503,1.246318872
1,0.3066132264,1.165130261,1.244012205
1,0.3086172344,1.172745491,1.241556918
1,0.3106212424,1.180360721,1.238953718
1,0.3126252506,1.187975952,1.236203336
1,0.3146292586,1.195591182,1.233306525
1,0.3166332666,1.203206413,1.230264061
1,0.3186372746,1.210821643,1.227076747
1,0.3206412826,1.218436874,1.223745403
1,0.3226452906,1.226052104,1.220270877
1,0.3246492986,1.233667335,1.216654037
1,0.3266533066,1.241282565,1.212895774
1,0.3286573146,1.248897796,1.208997001
1,0.3306613226,1.256513026,1.204958654
1,0.3326653306,1.264128257,1.200781692
1,0.3346693386,1.271743487,1.196467095
1,0.3366733466,1.279358717,1.192015864
1,0.3386773548,1.286973948,1.187429022
1,0.3406813628,1.294589178,1.182707615
1,0.3426853708,1.302204409,1.177852708
1,0.3446893788,1.309819639,1.17286539
1,0.3466933868,1.31743487,1.167746769
1,0.3486973948,1.3250501,1.162497973
1,0.3507014028,1.332665331,1.157120154
1,0.3527054108,1.340280561,1.151614481
1,0.3547094188,1.347895792,1.145982144
1,0.3567134268,1.355511022,1.140224355
1,0.3587174348,1.363126253,1.134342345
1,0.3607214428,1.370741483,1.128337362
1,0.362725451,1.378356713,1.122210678
1,0.364729459,1.385971944,1.115963582
1,0.366733467,1.393587174,1.10959738
1,0.368737475,1.401202405,1.103113402
1,0.370741483,1.408817635,1.096512991
1,0.372745491,1.416432866,1.089797514
1,0.374749499,1.424048096,1.08296835
1,0.376753507,1.431663327,1.076026903
1,0.378757515,1.439278557,1.068974589
1,0.380761523,1.446893788,1.061812844
1,0.382765531,1.454509018,1.054543122
1,0.384769539,1.462124248,1.047166893
1,0.386773547,1.469739479,1.039685644
1,0.3887775552,1.477354709,1.032100879
1,0.3907815632,1.48496994,1.024414118
1,0.3927855712,1.49258517,1.016626898
1,0.3947895792,1.500200401,1.008740771
1,0.3967935872,1.507815631,1.000757305
1,0.3987975952,1.515430862,0.9926780835
1,0.4008016032,1.523046092,0.984504705
1,0.4028056112,1.530661323,0.9762387833
1,0.4048096192,1.538276553,0.9678819465
1,0.4068136272,1.545891784,0.9594358374
1,0.4088176352,1.553507014,0.9509021127
1,0.4108216432,1.561122244,0.9422824431
1,0.4128256514,1.568737475,0.933578513
1,0.4148296594,1.576352705,0.9247920201
1,0.4168336674,1.583967936,0.9159246751
1,0.4188376754,1.591583166,0.9069782017
1,0.4208416834,1.599198397,0.897954336
1,0.4228456914,1.606813627,0.8888548264
1,0.4248496994,1.614428858,0.8796814333
1,0.4268537074,1.622044088,0.8704359289
1,0.4288577154,1.629659319,0.8611200966
1,0.4308617234,1.637274549,0.8517357313
1,0.4328657314,1.64488978,0.8422846384
1,0.4348697394,1.65250501,0.8327686342
1,0.4368737474,1.66012024,0.823189545
1,0.4388777556,1.667735471,0.8135492074
1,0.4408817636,1.675350701,0.8038494674
1,0.4428857716,1.682965932,0.7940921806
1,0.4448897796,1.690581162,0.7842792118
1,0.4468937876,1.698196393,0.7744124345
1,0.4488977956,1.705811623,0.7644937306
1,0.4509018036,1.713426854,0.7545249906
1,0.4529058116,1.721042084,0.7445081125
1,0.4549098196,1.728657315,0.7344450024
1,0.4569138276,1.736272545,0.7243375733
1,0.4589178356,1.743887776,0.7141877455
1,0.4609218436,1.751503006,0.7039974459
1,0.4629258518,1.759118236,0.6937686078
1,0.4649298598,1.766733467,0.6835031707
1,0.4669338678,1.774348697,0.6732030799
1,0.4689378758,1.781963928,0.6628702861
1,0.4709418838,1.789579158,0.6525067453
1,0.4729458918,1.797194389,0.6421144182
1,0.4749498998,1.804809619,0.6316952704
1,0.4769539078,1.81242485,0.6212512712
1,0.4789579158,1.82004008,0.6107843945
1,0.4809619238,1.827655311,0.6002966173
1,0.4829659318,1.835270541,0.5897899202
1,0.4849699398,1.842885772,0.5792662866
1,0.4869739478,1.850501002,0.5687277028
1,0.488977956,1.858116232,0.5581761574
1,0.490981964,1.865731463,0.5476136409
1,0.492985972,1.873346693,0.5370421457
1,0.49498998,1.880961924,0.5264636657
1,0.496993988,1.888577154,0.5158801956
1,0.498997996,1.896192385,0.5052937313
1,0.501002004,1.903807615,0.4947062687
1,0.503006012,1.911422846,0.4841198044
1,0.50501002,1.919038076,0.4735363343
1,0.507014028,1.926653307,0.4629578543
1,0.509018036,1.934268537,0.4523863591
1,0.511022044,1.941883768,0.4418238426
1,0.5130260522,1.949498998,0.4312722972
1,0.5150300602,1.957114228,0.4207337134
1,0.5170340682,1.964729459,0.4102100798
1,0.5190380762,1.972344689,0.3997033827
1,0.5210420842,1.97995992,0.3892156055
1,0.5230460922,1.98757515,0.3787487288
1,0.5250501002,1.995190381,0.3683047296
1,0.5270541082,2.002805611,0.3578855818
1,0.5290581162,2.010420842,0.3474932547
1,0.5310621242,2.018036072,0.3371297139
1,0.5330661322,2.025651303,0.3267969201
1,0.5350701402,2.033266533,0.3164968293
1,0.5370741482,2.040881764,0.3062313922
1,0.5390781564,2.048496994,0.2960025541
1,0.5410821644,2.056112224,0.2858122545
1,0.5430861724,2.063727455,0.2756624267
1,0.5450901804,2.071342685,0.2655549976
1,0.5470941884,2.078957916,0.2554918875
1,0.5490981964,2.086573146,0.2454750094
1,0.5511022044,2.094188377,0.2355062694
1,0.5531062124,2.101803607,0.2255875655
1,0.5551102204,2.109418838,0.2157207882
1,0.5571142284,2.117034068,0.2059078194
1,0.5591182364,2.124649299,0.1961505326
1,0.5611222444,2.132264529,0.1864507926
1,0.5631262526,2.13987976,0.176810455
1,0.5651302606,2.14749499,0.1672313658
1,0.5671342686,2.15511022,0.1577153616
1,0.5691382766,2.162725451,0.1482642687
1,0.5711422846,2.170340681,0.1388799034
1,0.5731462926,2.177955912,0.1295640711
1,0.5751503006,2.185571142,0.1203185667
1,0.5771543086,2.193186373,0.1111451736
1,0.5791583166,2.200801603,0.102045664
1,0.5811623246,2.208416834,0.09302179828
1,0.5831663326,2.216032064,0.08407532487
1,0.5851703406,2.223647295,0.07520797991
1,0.5871743486,2.231262525,0.06642148699
1,0.5891783568,2.238877756,0.05771755691
1,0.5911823648,2.246492986,0.04909788734
1,0.5931863728,2.254108216,0.04056416263
1,0.5951903808,2.261723447,0.03211805348
1,0.5971943888,2.269338677,0.02376121671
1,0.5991983968,2.276953908,0.01549529497
1,0.6012024048,2.284569138,0.007321916522
1,0.6032064128,2.292184369,-0.0007573050704
1,0.6052104208,2.299799599,-0.008740771157
1,0.6072144288,2.30741483,-0.01662689827
1,0.6092184368,2.31503006,-0.02441411838
1,0.6112224448,2.322645291,-0.03210087913
1,0.613226453,2.330260521,-0.03968564411
1,0.615230461,2.337875752,-0.04716689305
1,0.617234469,2.345490982,-0.05454312211
1,0.619238477,2.353106212,-0.06181284411
1,0.621242485,2.360721443,-0.06897458874
1,0.623246493,2.368336673,-0.07602690281
1,0.625250501,2.375951904,-0.0829683505
1,0.627254509,2.383567134,-0.08979751353
1,0.629258517,2.391182365,-0.09651299145
1,0.631262525,2.398797595,-0.1031134018
1,0.633266533,2.406412826,-0.1095973805
1,0.635270541,2.414028056,-0.1159635817
1,0.637274549,2.421643287,-0.1222106784
1,0.6392785572,2.429258517,-0.1283373624
1,0.6412825652,2.436873747,-0.1343423446
1,0.6432865732,2.444488978,-0.1402243553
1,0.6452905812,2.452104208,-0.1459821442
1,0.6472945892,2.459719439,-0.1516144806
1,0.6492985972,2.467334669,-0.1571201538
1,0.6513026052,2.4749499,-0.1624979733
1,0.6533066132,2.48256513,-0.1677467687
1,0.6553106212,2.490180361,-0.1728653901
1,0.6573146292,2.497795591,-0.1778527082
1,0.6593186372,2.505410822,-0.1827076146
1,0.6613226452,2.513026052,-0.1874290218
1,0.6633266534,2.520641283,-0.1920158636
1,0.6653306614,2.528256513,-0.1964670949
1,0.6673346694,2.535871743,-0.2007816925
1,0.6693386774,2.543486974,-0.2049586544
1,0.6713426854,2.551102204,-0.2089970007
1,0.6733466934,2.558717435,-0.2128957735
1,0.6753507014,2.566332665,-0.2166540368
1,0.6773547094,2.573947896,-0.2202708772
1,0.6793587174,2.581563126,-0.2237454033
1,0.6813627254,2.589178357,-0.2270767467
1,0.6833667334,2.596793587,-0.2302640615
1,0.6853707414,2.604408818,-0.2333065245
1,0.6873747494,2.612024048,-0.2362033358
1,0.6893787576,2.619639279,-0.2389537182
1,0.6913827656,2.627254509,-0.241556918
1,0.6933867736,2.634869739,-0.2440122048
1,0.6953907816,2.64248497,-0.2463188715
1,0.6973947896,2.6501002,-0.2484762348
1,0.6993987976,2.657715431,-0.2504836348
1,0.7014028056,2.665330661,-0.2523404356
1,0.7034068136,2.672945892,-0.254046025
1,0.7054108216,2.680561122,-0.255599815
1,0.7074148296,2.688176353,-0.2570012414
1,0.7094188376,2.695791583,-0.2582497643
1,0.7114228456,2.703406814,-0.2593448681
1,0.7134268538,2.711022044,-0.2602860614
1,0.7154308618,2.718637275,-0.2610728772
1,0.7174348698,2.726252505,-0.2617048732
1,0.7194388778,2.733867735,-0.2621816313
1,0.7214428858,2.741482966,-0.2625027582
1,0.7234468938,2.749098196,-0.2626678853
1,0.7254509018,2.756713427,-0.2626766688
1,0.7274549098,2.764328657,-0.2625287894
1,0.7294589178,2.771943888,-0.262223953
1,0.7314629258,2.779559118,-0.26176189
1,0.7334669338,2.787174349,-0.2611423561
1,0.7354709418,2.794789579,-0.2603651318
1,0.7374749498,2.80240481,-0.2594300225
1,0.739478958,2.81002004,-0.2583368587
1,0.741482966,2.817635271,-0.2570854961
1,0.743486974,2.825250501,-0.2556758154
1,0.745490982,2.832865731,-0.2541077222
1,0.74749499,2.840480962,-0.2523811476
1,0.749498998,2.848096192,-0.2504960474
1,0.751503006,2.855711423,-0.2484524029
1,0.753507014,2.863326653,-0.2462502204
1,0.755511022,2.870941884,-0.2438895312
1,0.75751503,2.878557114,-0.2413703919
1,0.759519038,2.886172345,-0.2386928842
1,0.761523046,2.893787575,-0.2358571148
1,0.7635270542,2.901402806,-0.2328632157
1,0.7655310622,2.909018036,-0.2297113438
1,0.7675350702,2.916633267,-0.226401681
1,0.7695390782,2.924248497,-0.2229344344
1,0.7715430862,2.931863727,-0.2193098359
1,0.7735470942,2.939478958,-0.2155281426
1,0.7755511022,2.947094188,-0.2115896362
1,0.7775551102,2.954709419,-0.2074946234
1,0.7795591182,2.962324649,-0.2032434358
1,0.7815631262,2.96993988,-0.1988364296
1,0.7835671342,2.97755511,-0.1942739858
1,0.7855711422,2.985170341,-0.1895565101
1,0.7875751504,2.992785571,-0.1846844327
1,0.7895791584,3.000400802,-0.1796582082
1,0.7915831664,3.008016032,-0.1744783159
1,0.7935871744,3.015631263,-0.1691452593
1,0.7955911824,3.023246493,-0.163659566
1,0.7975951904,3.030861723,-0.1580217883
1,0.7995991984,3.038476954,-0.1522325021
1,0.8016032064,3.046092184,-0.1462923077
1,0.8036072144,3.053707415,-0.140201829
1,0.8056112224,3.061322645,-0.1339617141
1,0.8076152304,3.068937876,-0.1275726344
1,0.8096192384,3.076553106,-0.1210352852
1,0.8116232464,3.084168337,-0.1143503852
1,0.8136272546,3.091783567,-0.1075186767
1,0.8156312626,3.099398798,-0.100540925
1,0.8176352706,3.107014028,-0.0934179186
1,0.8196392786,3.114629259,-0.08615046918
1,0.8216432866,3.122244489,-0.0787394112
1,0.8236472946,3.129859719,-0.07118560193
1,0.8256513026,3.13747495,-0.06348992126
1,0.8276553106,3.14509018,-0.05565327158
1,0.8296593186,3.152705411,-0.04767657763
1,0.8316633266,3.160320641,-0.03956078634
1,0.8336673346,3.167935872,-0.03130686672
1,0.8356713426,3.175551102,-0.02291580964
1,0.8376753508,3.183166333,-0.01438862775
1,0.8396793588,3.190781563,-0.005726355272
1,0.8416833668,3.198396794,0.003069952169
1,0.8436873748,3.206012024,0.01199921768
1,0.8456913828,3.213627255,0.0210603433
1,0.8476953908,3.221242485,0.03025221016
1,0.8496993988,3.228857715,0.03957367865
1,0.8517034068,3.236472946,0.04902358863
1,0.8537074148,3.244088176,0.05860075959
1,0.8557114228,3.251703407,0.06830399084
1,0.8577154308,3.259318637,0.07813206169
1,0.8597194388,3.266933868,0.0880837317
1,0.8617234468,3.274549098,0.09815774079
1,0.863727455,3.282164329,0.1083528095
1,0.865731463,3.289779559,0.1186676392
1,0.867735471,3.29739479,0.1291009122
1,0.869739479,3.30501002,0.1396512921
1,0.871743487,3.312625251,0.150317424
1,0.873747495,3.320240481,0.1610979344
1,0.875751503,3.327855711,0.171991432
1,0.877755511,3.335470942,0.1829965073
1,0.879759519,3.343086172,0.1941117333
1,0.881763527,3.350701403,0.2053356653
1,0.883767535,3.358316633,0.2166668417
1,0.885771543,3.365931864,0.2281037837
1,0.8877755512,3.373547094,0.2396449957
1,0.8897795592,3.381162325,0.2512889657
1,0.8917835672,3.388777555,0.2630341652
1,0.8937875752,3.396392786,0.2748790498
1,0.8957915832,3.404008016,0.2868220595
1,0.8977955912,3.411623246,0.2988616182
1,0.8997995992,3.419238477,0.310996135
1,0.9018036072,3.426853707,0.3232240038
1,0.9038076152,3.434468938,0.3355436035
1,0.9058116232,3.442084168,0.3479532987
1,0.9078156312,3.449699399,0.3604514397
1,0.9098196392,3.457314629,0.3730363625
1,0.9118236472,3.46492986,0.3857063898
1,0.9138276554,3.47254509,0.3984598303
1,0.9158316634,3.480160321,0.41129498
1,0.9178356714,3.487775551,0.4242101214
1,0.9198396794,3.495390782,0.4372035248
1,0.9218436874,3.503006012,0.4502734478
1,0.9238476954,3.510621242,0.463418136
1,0.9258517034,3.518236473,0.476635823
1,0.9278557114,3.525851703,0.489924731
1,0.9298597194,3.533466934,0.5032830709
1,0.9318637274,3.541082164,0.5167090424
1,0.9338677354,3.548697395,0.5302008346
1,0.9358717434,3.556312625,0.5437566263
1,0.9378757516,3.563927856,0.5573745859
1,0.9398797596,3.571543086,0.5710528721
1,0.9418837676,3.579158317,0.5847896341
1,0.9438877756,3.586773547,0.5985830115
1,0.9458917836,3.594388778,0.6124311354
1,0.9478957916,3.602004008,0.6263321278
1,0.9498997996,3.609619238,0.6402841025
1,0.9519038076,3.617234469,0.6542851654
1,0.9539078156,3.624849699,0.6683334142
1,0.9559118236,3.63246493,0.6824269394
1,0.9579158316,3.64008016,0.6965638244
1,0.9599198396,3.647695391,0.7107421454
1,0.9619238476,3.655310621,0.7249599723
1,0.9639278558,3.662925852,0.7392153687
1,0.9659318638,3.670541082,0.7535063922
1,0.9679358718,3.678156313,0.7678310947
1,0.9699398798,3.685771543,0.7821875229
1,0.9719438878,3.693386774,0.7965737182
1,0.9739478958,3.701002004,0.8109877177
1,0.9759519038,3.708617234,0.8254275537
1,0.9779559118,3.716232465,0.8398912546
1,0.9799599198,3.723847695,0.8543768449
1,0.9819639278,3.731462926,0.8688823459
1,0.9839679358,3.739078156,0.8834057754
1,0.9859719438,3.746693387,0.8979451485
1,0.987975952,3.754308617,0.9124984779
1,0.98997996,3.761923848,0.9270637738
1,0.991983968,3.769539078,0.9416390448
1,0.993987976,3.777154309,0.9562222977
1,0.995991984,3.784769539,0.9708115382
1,0.997995992,3.79238477,0.985404771
1,1,3.8,1
2,0,0,0
2,0.002004008016,0.008016032064,0.01409422701
2,0.004008016032,0.01603206413,0.02818645774
2,0.006012024048,0.02404809619,0.04227469624
2,0.008016032064,0.03206412826,0.05635694717
2,0.01002004008,0.04008016032,0.07043121616
2,0.0120240481,0.04809619238,0.0844955101
2,0.01402805611,0.05611222445,0.09854783745
2,0.01603206413,0.06412825651,0.1125862086
2,0.01803607214,0.07214428858,0.1266086361
2,0.02004008016,0.08016032064,0.140613135
2,0.02204408818,0.08817635271,0.1545977234
2,0.0240480962,0.09619238477,0.1685604223
2,0.0260521042,0.1042084168,0.1824992563
2,0.02805611222,0.1122244489,0.1964122537
2,0.03006012024,0.120240481,0.2102974471
2,0.03206412826,0.128256513,0.2241528732
2,0.03406813628,0.1362725451,0.2379765737
2,0.03607214428,0.1442885772,0.2517665952
2,0.0380761523,0.1523046092,0.2655209896
2,0.04008016032,0.1603206413,0.2792378145
2,0.04208416834,0.1683366733,0.2929151335
2,0.04408817636,0.1763527054,0.3065510165
2,0.04609218436,0.1843687375,0.3201435397
2,0.04809619238,0.1923847695,0.3336907865
2,0.0501002004,0.2004008016,0.3471908474
2,0.05210420842,0.2084168337,0.3606418201
2,0.05410821644,0.2164328657,0.3740418105
2,0.05611222444,0.2244488978,0.3873889324
2,0.05811623246,0.2324649299,0.4006813078
2,0.06012024048,0.2404809619,0.4139170678
2,0.0621242485,0.248496994,0.427094352
2,0.06412825652,0.2565130261,0.4402113096
2,0.06613226452,0.2645290581,0.4532660992
2,0.06813627254,0.2725450902,0.4662568895
2,0.07014028056,0.2805611222,0.479181859
2,0.07214428858,0.2885771543,0.4920391968
2,0.0741482966,0.2965931864,0.5048271028
2,0.0761523046,0.3046092184,0.5175437879
2,0.07815631262,0.3126252505,0.530187474
2,0.08016032064,0.3206412826,0.542756395
2,0.08216432866,0.3286573146,0.5552487964
2,0.08416833668,0.3366733467,0.5676629359
2,0.08617234468,0.3446893788,0.5799970835
2,0.0881763527,0.3527054108,0.5922495221
2,0.09018036072,0.3607214429,0.6044185473
2,0.09218436874,0.3687374749,0.6165024682
2,0.09418837676,0.376753507,0.6284996071
2,0.09619238476,0.3847695391,0.6404083003
2,0.09819639278,0.3927855711,0.652226898
2,0.1002004008,0.4008016032,0.6639537648
2,0.1022044088,0.4088176353,0.6755872796
2,0.1042084168,0.4168336673,0.6871258363
2,0.1062124248,0.4248496994,0.6985678439
2,0.1082164329,0.4328657315,0.7099117266
2,0.1102204409,0.4408817635,0.7211559241
2,0.1122244489,0.4488977956,0.7322988921
2,0.1142284569,0.4569138277,0.7433391021
2,0.1162324649,0.4649298597,0.754275042
2,0.1182364729,0.4729458918,0.7651052164
2,0.120240481,0.4809619238,0.7758281465
2,0.122244489,0.4889779559,0.7864423705
2,0.124248497,0.496993988,0.7969464437
2,0.126252505,0.50501002,0.8073389393
2,0.128256513,0.5130260521,0.8176184477
2,0.130260521,0.5210420842,0.8277835776
2,0.1322645291,0.5290581162,0.8378329555
2,0.1342685371,0.5370741483,0.8477652265
2,0.1362725451,0.5450901804,0.8575790542
2,0.1382765531,0.5531062124,0.8672731209
2,0.1402805611,0.5611222445,0.876846128
2,0.1422845691,0.5691382766,0.886296796
2,0.1442885772,0.5771543086,0.8956238649
2,0.1462925852,0.5851703407,0.9048260941
2,0.1482965932,0.5931863727,0.9139022631
2,0.1503006012,0.6012024048,0.922851171
2,0.1523046092,0.6092184369,0.9316716375
2,0.1543086172,0.6172344689,0.9403625024
2,0.1563126253,0.625250501,0.948922626
2,0.1583166333,0.6332665331,0.9573508895
2,0.1603206413,0.6412825651,0.965646195
2,0.1623246493,0.6492985972,0.9738074654
2,0.1643286573,0.6573146293,0.9818336453
2,0.1663326653,0.6653306613,0.9897237004
2,0.1683366733,0.6733466934,0.997476618
2,0.1703406814,0.6813627255,1.005091407
2,0.1723446894,0.6893787575,1.012567099
2,0.1743486974,0.6973947896,1.019902747
2,0.1763527054,0.7054108216,1.027097426
2,0.1783567134,0.7134268537,1.034150233
2,0.1803607214,0.7214428858,1.041060289
2,0.1823647295,0.7294589178,1.047826736
2,0.1843687375,0.7374749499,1.054448741
2,0.1863727455,0.745490982,1.06092549
2,0.1883767535,0.753507014,1.067256197
2,0.1903807615,0.7615230461,1.073440095
2,0.1923847695,0.7695390782,1.079476442
2,0.1943887776,0.7775551102,1.08536452
2,0.1963927856,0.7855711423,1.091103633
2,0.1983967936,0.7935871743,1.096693109
2,0.2004008016,0.8016032064,1.102132302
2,0.2024048096,0.8096192385,1.107420586
2,0.2044088176,0.8176352705,1.112557362
2,0.2064128256,0.8256513026,1.117542053
2,0.2084168336,0.8336673347,1.122374108
2,0.2104208416,0.8416833667,1.127052998
2,0.2124248496,0.8496993988,1.13157822
2,0.2144288578,0.8577154309,1.135949296
2,0.2164328658,0.8657314629,1.140165769
2,0.2184368738,0.873747495,1.144227211
2,0.2204408818,0.8817635271,1.148133215
2,0.2224448898,0.8897795591,1.151883401
2,0.2244488978,0.8977955912,1.155477412
2,0.2264529058,0.9058116232,1.158914916
2,0.2284569138,0.9138276553,1.162195607
2,0.2304609218,0.9218436874,1.165319204
2,0.2324649298,0.9298597194,1.168285449
2,0.2344689378,0.9378757515,1.171094109
2,0.2364729458,0.9458917836,1.173744979
2,0.238476954,0.9539078156,1.176237876
2,0.240480962,0.9619238477,1.178572644
2,0.24248497,0.9699398798,1.180749149
2,0.244488978,0.9779559118,1.182767287
2,0.246492986,0.9859719439,1.184626974
2,0.248496994,0.993987976,1.186328154
2,0.250501002,1.002004008,1.187870797
2,0.25250501,1.01002004,1.189254895
2,0.254509018,1.018036072,1.190480468
2,0.256513026,1.026052104,1.191547559
2,0.258517034,1.034068136,1.192456238
2,0.260521042,1.042084168,1.193206598
2,0.2625250502,1.0501002,1.19379876
2,0.2645290582,1.058116232,1.194232867
2,0.2665330662,1.066132265,1.19450909
2,0.2685370742,1.074148297,1.194627622
2,0.2705410822,1.082164329,1.194588682
2,0.2725450902,1.090180361,1.194392517
2,0.2745490982,1.098196393,1.194039394
2,0.2765531062,1.106212425,1.193529609
2,0.2785571142,1.114228457,1.19286348
2,0.2805611222,1.122244489,1.192041351
2,0.2825651302,1.130260521,1.191063591
2,0.2845691382,1.138276553,1.189930593
2,0.2865731462,1.146292585,1.188642775
2,0.2885771544,1.154308617,1.18720058
2,0.2905811624,1.162324649,1.185604474
2,0.2925851704,1.170340681,1.183854949
2,0.2945891784,1.178356713,1.18195252
2,0.2965931864,1.186372745,1.179897728
2,0.2985971944,1.194388778,1.177691137
2,0.3006012024,1.20240481,1.175333334
2,0.3026052104,1.210420842,1.172824932
2,0.3046092184,1.218436874,1.170166567
2,0.3066132264,1.226452906,1.167358898
2,0.3086172344,1.234468938,1.164402609
2,0.3106212424,1.24248497,1.161298408
2,0.3126252506,1.250501002,1.158047023
2,0.3146292586,1.258517034,1.15464921
2,0.3166332666,1.266533066,1.151105745
2,0.3186372746,1.274549098,1.147417428
2,0.3206412826,1.28256513,1.143585083
2,0.3226452906,1.290581162,1.139609555
2,0.3246492986,1.298597194,1.135491712
2,0.3266533066,1.306613226,1.131232447
2,0.3286573146,1.314629259,1.126832672
2,0.3306613226,1.322645291,1.122293324
2,0.3326653306,1.330661323,1.11761536
2,0.3346693386,1.338677355,1.11279976
2,0.3366733466,1.346693387,1.107847527
2,0.3386773548,1.354709419,1.102759683
2,0.3406813628,1.362725451,1.097537274
2,0.3426853708,1.370741483,1.092181366
2,0.3446893788,1.378757515,1.086693045
2,0.3466933868,1.386773547,1.081073422
2,0.3486973948,1.394789579,1.075323625
2,0.3507014028,1.402805611,1.069444803
2,0.3527054108,1.410821643,1.063438128
2,0.3547094188,1.418837675,1.057304789
2,0.3567134268,1.426853707,1.051045999
2,0.3587174348,1.434869739,1.044662986
2,0.3607214428,1.442885772,1.038157002
2,0.362725451,1.450901804,1.031529316
2,0.364729459,1.458917836,1.024781217
2,0.366733467,1.466933868,1.017914014
2,0.368737475,1.4749499,1.010929033
2,0.370741483,1.482965932,1.003827621
2,0.372745491,1.490981964,0.9966111408
2,0.374749499,1.498997996,0.9892809757
2,0.376753507,1.507014028,0.9818385261
2,0.378757515,1.51503006,0.97428521
2,0.380761523,1.523046092,0.9666224634
2,0.382765531,1.531062124,0.9588517393
2,0.384769539,1.539078156,0.9509745083
2,0.386773547,1.547094188,0.9429922573
2,0.3887775552,1.55511022,0.9349064904
2,0.3907815632,1.563126253,0.9267187276
2,0.3927855712,1.571142285,0.9184305055
2,0.3947895792,1.579158317,0.9100433764
2,0.3967935872,1.587174349,0.9015589083
2,0.3987975952,1.595190381,0.8929786847
2,0.4008016032,1.603206413,0.8843043042
2,0.4028056112,1.611222445,0.8755373805
2,0.4048096192,1.619238477,0.8666795417
2,0.4068136272,1.627254509,0.8577324306
2,0.4088176352,1.635270541,0.8486977038
2,0.4108216432,1.643286573,0.8395770323
2,0.4128256514,1.651302605,0.8303721002
2,0.4148296594,1.659318637,0.8210846053
2,0.4168336674,1.667334669,0.8117162583
2,0.4188376754,1.675350701,0.8022687829
2,0.4208416834,1.683366733,0.7927439152
2,0.4228456914,1.691382766,0.7831434035
2,0.4248496994,1.699398798,0.7734690085
2,0.4268537074,1.70741483,0.763722502
2,0.4288577154,1.715430862,0.7539056678
2,0.4308617234,1.723446894,0.7440203004
2,0.4328657314,1.731462926,0.7340682056
2,0.4348697394,1.739478958,0.7240511993
2,0.4368737474,1.74749499,0.7139711082
2,0.4388777556,1.755511022,0.7038297685
2,0.4408817636,1.763527054,0.6936290265
2,0.4428857716,1.771543086,0.6833707377
2,0.4448897796,1.779559118,0.6730567669
2,0.4468937876,1.78757515,0.6626889876
2,0.4488977956,1.795591182,0.6522692817
2,0.4509018036,1.803607214,0.6417995397
2,0.4529058116,1.811623246,0.6312816596
2,0.4549098196,1.819639279,0.6207175475
2,0.4569138276,1.827655311,0.6101091164
2,0.4589178356,1.835671343,0.5994582866
2,0.4609218436,1.843687375,0.5887669849
2,0.4629258518,1.851703407,0.5780371449
2,0.4649298598,1.859719439,0.5672707058
2,0.4669338678,1.867735471,0.556469613
2,0.4689378758,1.875751503,0.5456358172
2,0.4709418838,1.883767535,0.5347712744
2,0.4729458918,1.891783567,0.5238779453
2,0.4749498998,1.899799599,0.5129577954
2,0.4769539078,1.907815631,0.5020127943
2,0.4789579158,1.915831663,0.4910449155
2,0.4809619238,1.923847695,0.4800561363
2,0.4829659318,1.931863727,0.4690484372
2,0.4849699398,1.93987976,0.4580238016
2,0.4869739478,1.947895792,0.4469842158
2,0.488977956,1.955911824,0.4359316684
2,0.490981964,1.963927856,0.4248681499
2,0.492985972,1.971943888,0.4137956527
2,0.49498998,1.97995992,0.4027161707
2,0.496993988,1.987975952,0.3916316986
2,0.498997996,1.995991984,0.3805442323
2,0.501002004,2.004008016,0.3694557677
2,0.503006012,2.012024048,0.3583683014
2,0.50501002,2.02004008,0.3472838293
2,0.507014028,2.028056112,0.3362043473
2,0.509018036,2.036072144,0.3251318501
2,0.511022044,2.044088176,0.3140683316
2,0.5130260522,2.052104208,0.3030157842
2,0.5150300602,2.06012024,0.2919761984
2,0.5170340682,2.068136273,0.2809515628
2,0.5190380762,2.076152305,0.2699438637
2,0.5210420842,2.084168337,0.2589550845
2,0.5230460922,2.092184369,0.2479872057
2,0.5250501002,2.100200401,0.2370422046
2,0.5270541082,2.108216433,0.2261220547
2,0.5290581162,2.116232465,0.2152287256
2,0.5310621242,2.124248497,0.2043641828
2,0.5330661322,2.132264529,0.193530387
2,0.5350701402,2.140280561,0.1827292942
2,0.5370741482,2.148296593,0.1719628551
2,0.5390781564,2.156312625,0.1612330151
2,0.5410821644,2.164328657,0.1505417134
2,0.5430861724,2.172344689,0.1398908836
2,0.5450901804,2.180360721,0.1292824525
2,0.5470941884,2.188376754,0.1187183404
2,0.5490981964,2.196392786,0.1082004603
2,0.5511022044,2.204408818,0.09773071829
2,0.5531062124,2.21242485,0.08731101244
2,0.5551102204,2.220440882,0.07694323308
2,0.5571142284,2.228456914,0.06662926225
2,0.5591182364,2.236472946,0.0563709735
2,0.5611222444,2.244488978,0.0461702315
2,0.5631262526,2.25250501,0.03602889184
2,0.5651302606,2.260521042,0.02594880067
2,0.5671342686,2.268537074,0.01593179443
2,0.5691382766,2.276553106,0.005979699569
2,0.5711422846,2.284569138,-0.003905667772
2,0.5731462926,2.29258517,-0.01372250202
2,0.5751503006,2.300601202,-0.02346900846
2,0.5771543086,2.308617234,-0.03314340355
2,0.5791583166,2.316633267,-0.04274391516
2,0.5811623246,2.324649299,-0.05226878288
2,0.5831663326,2.332665331,-0.0617162583
2,0.5851703406,2.340681363,-0.07108460526
2,0.5871743486,2.348697395,-0.08037210018
2,0.5891783568,2.356713427,-0.08957703227
2,0.5911823648,2.364729459,-0.09869770384
2,0.5931863728,2.372745491,-0.1077324306
2,0.5951903808,2.380761523,-0.1166795417
2,0.5971943888,2.388777555,-0.1255373805
2,0.5991983968,2.396793587,-0.1343043042
2,0.6012024048,2.404809619,-0.1429786847
2,0.6032064128,2.412825651,-0.1515589083
2,0.6052104208,2.420841683,-0.1600433764
2,0.6072144288,2.428857715,-0.1684305055
2,0.6092184368,2.436873747,-0.1767187276
2,0.6112224448,2.44488978,-0.1849064904
2,0.613226453,2.452905812,-0.1929922573
2,0.615230461,2.460921844,-0.2009745083
2,0.617234469,2.468937876,-0.2088517393
2,0.619238477,2.476953908,-0.2166224634
2,0.621242485,2.48496994,-0.22428521
2,0.623246493,2.492985972,-0.2318385261
2,0.625250501,2.501002004,-0.2392809757
2,0.627254509,2.509018036,-0.2466111408
2,0.629258517,2.517034068,-0.2538276207
2,0.631262525,2.5250501,-0.2609290331
2,0.633266533,2.533066132,-0.2679140138
2,0.635270541,2.541082164,-0.274781217
2,0.637274549,2.549098196,-0.2815293157
2,0.6392785572,2.557114228,-0.2881570017
2,0.6412825652,2.565130261,-0.2946629859
2,0.6432865732,2.573146293,-0.3010459986
2,0.6452905812,2.581162325,-0.3073047895
2,0.6472945892,2.589178357,-0.3134381279
2,0.6492985972,2.597194389,-0.3194448031
2,0.6513026052,2.605210421,-0.3253236246
2,0.6533066132,2.613226453,-0.331073422
2,0.6553106212,2.621242485,-0.3366930454
2,0.6573146292,2.629258517,-0.3421813655
2,0.6593186372,2.637274549,-0.3475372739
2,0.6613226452,2.645290581,-0.3527596831
2,0.6633266534,2.653306613,-0.3578475269
2,0.6653306614,2.661322645,-0.3627997603
2,0.6673346694,2.669338677,-0.3676153598
2,0.6693386774,2.677354709,-0.3722933237
2,0.6713426854,2.685370741,-0.3768326721
2,0.6733466934,2.693386774,-0.3812324468
2,0.6753507014,2.701402806,-0.3854917122
2,0.6773547094,2.709418838,-0.3896095545
2,0.6793587174,2.71743487,-0.3935850827
2,0.6813627254,2.725450902,-0.3974174281
2,0.6833667334,2.733466934,-0.4011057449
2,0.6853707414,2.741482966,-0.4046492099
2,0.6873747494,2.749498998,-0.4080470231
2,0.6893787576,2.75751503,-0.4112984076
2,0.6913827656,2.765531062,-0.4144026094
2,0.6933867736,2.773547094,-0.4173588982
2,0.6953907816,2.781563126,-0.4201665669
2,0.6973947896,2.789579158,-0.4228249322
2,0.6993987976,2.79759519,-0.4253333342
2,0.7014028056,2.805611222,-0.427691137
2,0.7034068136,2.813627255,-0.4298977285
2,0.7054108216,2.821643287,-0.4319525204
2,0.7074148296,2.829659319,-0.4338549488
2,0.7094188376,2.837675351,-0.4356044737
2,0.7114228456,2.845691383,-0.4372005795
2,0.7134268538,2.853707415,-0.4386427748
2,0.7154308618,2.861723447,-0.4399305927
2,0.7174348698,2.869739479,-0.4410635906
2,0.7194388778,2.877755511,-0.4420413507
2,0.7214428858,2.885771543,-0.4428634796
2,0.7234468938,2.893787575,-0.4435296088
2,0.7254509018,2.901803607,-0.4440393943
2,0.7274549098,2.909819639,-0.4443925169
2,0.7294589178,2.917835671,-0.4445886824
2,0.7314629258,2.925851703,-0.4446276215
2,0.7334669338,2.933867735,-0.4445090896
2,0.7354709418,2.941883768,-0.4442328673
2,0.7374749498,2.9498998,-0.4437987599
2,0.739478958,2.957915832,-0.4432065982
2,0.741482966,2.965931864,-0.4424562376
2,0.743486974,2.973947896,-0.4415475589
2,0.745490982,2.981963928,-0.4404804677
2,0.74749499,2.98997996,-0.4392548951
2,0.749498998,2.997995992,-0.4378707969
2,0.751503006,3.006012024,-0.4363281544
2,0.753507014,3.014028056,-0.4346269739
2,0.755511022,3.022044088,-0.4327672867
2,0.75751503,3.03006012,-0.4307491494
2,0.759519038,3.038076152,-0.4285726437
2,0.761523046,3.046092184,-0.4262378763
2,0.7635270542,3.054108216,-0.4237449792
2,0.7655310622,3.062124248,-0.4210941093
2,0.7675350702,3.070140281,-0.4182854485
2,0.7695390782,3.078156313,-0.4153192039
2,0.7715430862,3.086172345,-0.4121956075
2,0.7735470942,3.094188377,-0.4089149161
2,0.7755511022,3.102204409,-0.4054774117
2,0.7775551102,3.110220441,-0.4018834009
2,0.7795591182,3.118236473,-0.3981332153
2,0.7815631262,3.126252505,-0.3942272112
2,0.7835671342,3.134268537,-0.3901657694
2,0.7855711422,3.142284569,-0.3859492957
2,0.7875751504,3.150300601,-0.3815782203
2,0.7895791584,3.158316633,-0.3770529978
2,0.7915831664,3.166332665,-0.3723741075
2,0.7935871744,3.174348697,-0.3675420528
2,0.7955911824,3.182364729,-0.3625573616
2,0.7975951904,3.190380762,-0.3574205859
2,0.7995991984,3.198396794,-0.3521323017
2,0.8016032064,3.206412826,-0.3466931093
2,0.8036072144,3.214428858,-0.3411036327
2,0.8056112224,3.22244489,-0.3353645197
2,0.8076152304,3.230460922,-0.329476442
2,0.8096192384,3.238476954,-0.3234400948
2,0.8116232464,3.246492986,-0.3172561969
2,0.8136272546,3.254509018,-0.3109254903
2,0.8156312626,3.26252505,-0.3044487406
2,0.8176352706,3.270541082,-0.2978267362
2,0.8196392786,3.278557114,-0.2910602888
2,0.8216432866,3.286573146,-0.2841502328
2,0.8236472946,3.294589178,-0.2770974256
2,0.8256513026,3.30260521,-0.2699027469
2,0.8276553106,3.310621242,-0.2625670992
2,0.8296593186,3.318637275,-0.2550914073
2,0.8316633266,3.326653307,-0.247476618
2,0.8336673346,3.334669339,-0.2397237004
2,0.8356713426,3.342685371,-0.2318336453
2,0.8376753508,3.350701403,-0.2238074654
2,0.8396793588,3.358717435,-0.215646195
2,0.8416833668,3.366733467,-0.2073508895
2,0.8436873748,3.374749499,-0.198922626
2,0.8456913828,3.382765531,-0.1903625024
2,0.8476953908,3.390781563,-0.1816716375
2,0.8496993988,3.398797595,-0.172851171
2,0.8517034068,3.406813627,-0.1639022631
2,0.8537074148,3.414829659,-0.1548260941
2,0.8557114228,3.422845691,-0.1456238649
2,0.8577154308,3.430861723,-0.136296796
2,0.8597194388,3.438877756,-0.126846128
2,0.8617234468,3.446893788,-0.1172731209
2,0.863727455,3.45490982,-0.1075790542
2,0.865731463,3.462925852,-0.09776522654
2,0.867735471,3.470941884,-0.08783295553
2,0.869739479,3.478957916,-0.0777835776
2,0.871743487,3.486973948,-0.06761844775
2,0.873747495,3.49498998,-0.05733893931
2,0.875751503,3.503006012,-0.04694644375
2,0.877755511,3.511022044,-0.03644237046
2,0.879759519,3.519038076,-0.02582814651
2,0.881763527,3.527054108,-0.01510521644
2,0.883767535,3.53507014,-0.004275042034
2,0.885771543,3.543086172,0.006660897941
2,0.8877755512,3.551102204,0.01770110794
2,0.8897795592,3.559118236,0.02884407588
2,0.8917835672,3.567134269,0.04008827339
2,0.8937875752,3.575150301,0.05143215606
2,0.8957915832,3.583166333,0.06287416366
2,0.8977955912,3.591182365,0.07441272042
2,0.8997995992,3.599198397,0.08604623524
2,0.9018036072,3.607214429,0.09777310198
2,0.9038076152,3.615230461,0.1095916997
2,0.9058116232,3.623246493,0.1215003929
2,0.9078156312,3.631262525,0.1334975318
2,0.9098196392,3.639278557,0.1455814527
2,0.9118236472,3.647294589,0.1577504779
2,0.9138276554,3.655310621,0.1700029165
2,0.9158316634,3.663326653,0.1823370641
2,0.9178356714,3.671342685,0.1947512036
2,0.9198396794,3.679358717,0.207243605
2,0.9218436874,3.687374749,0.219812526
2,0.9238476954,3.695390782,0.2324562121
2,0.9258517034,3.703406814,0.2451728972
2,0.9278557114,3.711422846,0.2579608032
2,0.9298597194,3.719438878,0.270818141
2,0.9318637274,3.72745491,0.2837431105
2,0.9338677354,3.735470942,0.2967339008
2,0.9358717434,3.743486974,0.3097886904
2,0.9378757516,3.751503006,0.322905648
2,0.9398797596,3.759519038,0.3360829322
2,0.9418837676,3.76753507,0.3493186922
2,0.9438877756,3.775551102,0.3626110676
2,0.9458917836,3.783567134,0.3759581895
2,0.9478957916,3.791583166,0.3893581799
2,0.9498997996,3.799599198,0.4028091526
2,0.9519038076,3.80761523,0.4163092135
2,0.9539078156,3.815631263,0.4298564603
2,0.9559118236,3.823647295,0.4434489835
2,0.9579158316,3.831663327,0.4570848665
2,0.9599198396,3.839679359,0.4707621855
2,0.9619238476,3.847695391,0.4844790104
2,0.9639278558,3.855711423,0.4982334048
2,0.9659318638,3.863727455,0.5120234263
2,0.9679358718,3.871743487,0.5258471268
2,0.9699398798,3.879759519,0.5397025529
2,0.9719438878,3.887775551,0.5535877463
2,0.9739478958,3.895791583,0.5675007437
2,0.9759519038,3.903807615,0.5814395777
2,0.9779559118,3.911823647,0.5954022766
2,0.9799599198,3.919839679,0.609386865
2,0.9819639278,3.927855711,0.6233913639
2,0.9839679358,3.935871743,0.6374137914
2,0.9859719438,3.943887776,0.6514521626
2,0.987975952,3.951903808,0.6655044899
2,0.98997996,3.95991984,0.6795687838
2,0.991983968,3.967935872,0.6936430528
2,0.993987976,3.975951904,0.7077253038
2,0.995991984,3.983967936,0.7218135423
2,0.997995992,3.991983968,0.735905773
2,1,4,0.75
3,0,0,0
3,0.002004008016,0.008416833667,0.01359322501
3,0.004008016032,0.01683366733,0.02718445374
3,0.006012024048,0.025250501,0.04077169023
3,0.008016032064,0.03366733467,0.05435293916
3,0.01002004008,0.04208416834,0.06792620614
3,0.0120240481,0.050501002,0.08148949807
3,0.01402805611,0.05891783567,0.09504082342
3,0.01603206413,0.06733466934,0.1085781925
3,0.01803607214,0.07575150301,0.122099618
3,0.02004008016,0.08416833667,0.135603115
3,0.02204408818,0.09258517034,0.1490867013
3,0.0240480962,0.101002004,0.1625483982
3,0.0260521042,0.1094188377,0.1759862302
3,0.02805611222,0.1178356713,0.1893982257
3,0.03006012024,0.126252505,0.202782417
3,0.03206412826,0.1346693387,0.2161368411
3,0.03406813628,0.1430861723,0.2294595396
3,0.03607214428,0.151503006,0.2427485591
3,0.0380761523,0.1599198397,0.2560019515
3,0.04008016032,0.1683366733,0.2692177744
3,0.04208416834,0.176753507,0.2823940915
3,0.04408817636,0.1851703407,0.2955289724
3,0.04609218436,0.1935871743,0.3086204936
3,0.04809619238,0.202004008,0.3216667384
3,0.0501002004,0.2104208417,0.3346657973
3,0.05210420842,0.2188376754,0.347615768
3,0.05410821644,0.227254509,0.3605147564
3,0.05611222444,0.2356713427,0.3733608763
3,0.05811623246,0.2440881764,0.3861522497
3,0.06012024048,0.25250501,0.3988870076
3,0.0621242485,0.2609218437,0.4115632898
3,0.06412825652,0.2693386774,0.4241792455
3,0.06613226452,0.277755511,0.4367330331
3,0.06813627254,0.2861723447,0.4492228214
3,0.07014028056,0.2945891784,0.4616467888
3,0.07214428858,0.303006012,0.4740031247
3,0.0741482966,0.3114228457,0.4862900287
3,0.0761523046,0.3198396794,0.4985057117
3,0.07815631262,0.328256513,0.5106483959
3,0.08016032064,0.3366733467,0.5227163149
3,0.08216432866,0.3450901804,0.5347077142
3,0.08416833668,0.353507014,0.5466208517
3,0.08617234468,0.3619238477,0.5584539973
3,0.0881763527,0.3703406814,0.5702054339
3,0.09018036072,0.378757515,0.5818734571
3,0.09218436874,0.3871743487,0.593456376
3,0.09418837676,0.3955911824,0.6049525129
3,0.09619238476,0.404008016,0.6163602041
3,0.09819639278,0.4124248497,0.6276777998
3,0.1002004008,0.4208416834,0.6389036646
3,0.1022044088,0.429258517,0.6500361774
3,0.1042084168,0.4376753507,0.6610737321
3,0.1062124248,0.4460921844,0.6720147377
3,0.1082164329,0.454509018,0.6828576184
3,0.1102204409,0.4629258517,0.6936008139
3,0.1122244489,0.4713426854,0.7042427798
3,0.1142284569,0.479759519,0.7147819878
3,0.1162324649,0.4881763527,0.7252169258
3,0.1182364729,0.4965931864,0.7355460982
3,0.120240481,0.50501002,0.7457680263
3,0.122244489,0.5134268537,0.7558812482
3,0.124248497,0.5218436874,0.7658843195
3,0.126252505,0.530260521,0.7757758131
3,0.128256513,0.5386773547,0.7855543195
3,0.130260521,0.5470941884,0.7952184473
3,0.1322645291,0.555511022,0.8047668233
3,0.1342685371,0.5639278557,0.8141980923
3,0.1362725451,0.5723446894,0.8235109179
3,0.1382765531,0.580761523,0.8327039827
3,0.1402805611,0.5891783567,0.8417759877
3,0.1422845691,0.5975951904,0.8507256537
3,0.1442885772,0.606012024,0.8595517206
3,0.1462925852,0.6144288577,0.8682529478
3,0.1482965932,0.6228456914,0.8768281148
3,0.1503006012,0.6312625251,0.8852760207
3,0.1523046092,0.6396793587,0.8935954852
3,0.1543086172,0.6480961924,0.9017853481
3,0.1563126253,0.6565130261,0.9098444697
3,0.1583166333,0.6649298597,0.9177717312
3,0.1603206413,0.6733466934,0.9255660346
3,0.1623246493,0.6817635271,0.9332263031
3,0.1643286573,0.6901803607,0.940751481
3,0.1663326653,0.6985971944,0.9481405341
3,0.1683366733,0.7070140281,0.9553924497
3,0.1703406814,0.7154308617,0.9625062369
3,0.1723446894,0.7238476954,0.9694809269
3,0.1743486974,0.7322645291,0.9763155726
3,0.1763527054,0.7406813627,0.9830092492
3,0.1783567134,0.7490981964,0.9895610545
3,0.1803607214,0.7575150301,0.9959701085
3,0.1823647295,0.7659318637,1.002235554
3,0.1843687375,0.7743486974,1.008356556
3,0.1863727455,0.7827655311,1.014332304
3,0.1883767535,0.7911823647,1.020162008
3,0.1903807615,0.7995991984,1.025844904
3,0.1923847695,0.8080160321,1.03138025
3,0.1943887776,0.8164328657,1.036767325
3,0.1963927856,0.8248496994,1.042005436
3,0.1983967936,0.8332665331,1.047093911
3,0.2004008016,0.8416833667,1.052032101
3,0.2024048096,0.8501002004,1.056819383
3,0.2044088176,0.8585170341,1.061455157
3,0.2064128256,0.8669338677,1.065938846
3,0.2084168336,0.8753507014,1.070269899
3,0.2104208416,0.8837675351,1.074447787
3,0.2124248496,0.8921843687,1.078472008
3,0.2144288578,0.9006012024,1.082342081
3,0.2164328658,0.9090180361,1.086057553
3,0.2184368738,0.9174348697,1.089617993
3,0.2204408818,0.9258517034,1.093022995
3,0.2224448898,0.9342685371,1.096272178
3,0.2244488978,0.9426853707,1.099365187
3,0.2264529058,0.9511022044,1.10230169
3,0.2284569138,0.9595190381,1.105081379
3,0.2304609218,0.9679358717,1.107703973
3,0.2324649298,0.9763527054,1.110169216
3,0.2344689378,0.9847695391,1.112476875
3,0.2364729458,0.9931863727,1.114626743
3,0.238476954,1.001603206,1.116618638
3,0.240480962,1.01002004,1.118452403
3,0.24248497,1.018436874,1.120127907
3,0.244488978,1.026853707,1.121645042
3,0.246492986,1.035270541,1.123003727
3,0.248496994,1.043687375,1.124203906
3,0.250501002,1.052104208,1.125245546
3,0.25250501,1.060521042,1.126128643
3,0.254509018,1.068937876,1.126853213
3,0.256513026,1.077354709,1.127419302
3,0.258517034,1.085771543,1.127826979
3,0.260521042,1.094188377,1.128076338
3,0.2625250502,1.10260521,1.128167497
3,0.2645290582,1.111022044,1.128100603
3,0.2665330662,1.119438878,1.127875823
3,0.2685370742,1.127855711,1.127493353
3,0.2705410822,1.136272545,1.126953412
3,0.2725450902,1.144689379,1.126256244
3,0.2745490982,1.153106212,1.12540212
3,0.2765531062,1.161523046,1.124391332
3,0.2785571142,1.16993988,1.123224201
3,0.2805611222,1.178356713,1.12190107
3,0.2825651302,1.186773547,1.120422308
3,0.2845691382,1.195190381,1.118788308
3,0.2865731462,1.203607214,1.116999488
3,0.2885771544,1.212024048,1.115056291
3,0.2905811624,1.220440882,1.112959183
3,0.2925851704,1.228857715,1.110708656
3,0.2945891784,1.237274549,1.108305226
3,0.2965931864,1.245691383,1.105749432
3,0.2985971944,1.254108216,1.103041838
3,0.3006012024,1.26252505,1.100183034
3,0.3026052104,1.270941884,1.09717363
3,0.3046092184,1.279358717,1.094014262
3,0.3066132264,1.287775551,1.090705592
3,0.3086172344,1.296192385,1.087248301
3,0.3106212424,1.304609218,1.083643097
3,0.3126252506,1.313026052,1.079890711
3,0.3146292586,1.321442886,1.075991895
3,0.3166332666,1.329859719,1.071947428
3,0.3186372746,1.338276553,1.067758109
3,0.3206412826,1.346693387,1.063424762
3,0.3226452906,1.35511022,1.058948232
3,0.3246492986,1.363527054,1.054329388
3,0.3266533066,1.371943888,1.04956912
3,0.3286573146,1.380360721,1.044668343
3,0.3306613226,1.388777555,1.039627993
3,0.3326653306,1.397194389,1.034449027
3,0.3346693386,1.405611222,1.029132426
3,0.3366733466,1.414028056,1.02367919
3,0.3386773548,1.42244489,1.018090344
3,0.3406813628,1.430861723,1.012366933
3,0.3426853708,1.439278557,1.006510023
3,0.3446893788,1.447695391,1.000520701
3,0.3466933868,1.456112224,0.9944000753
3,0.3486973948,1.464529058,0.988149276
3,0.3507014028,1.472945892,0.9817694524
3,0.3527054108,1.481362725,0.9752617752
3,0.3547094188,1.489779559,0.9686274348
3,0.3567134268,1.498196393,0.9618676419
3,0.3587174348,1.506613226,0.9549836272
3,0.3607214428,1.51503006,0.947976641
3,0.362725451,1.523446894,0.9408479529
3,0.364729459,1.531863727,0.9335988522
3,0.366733467,1.540280561,0.926230647
3,0.368737475,1.548697395,0.9187446644
3,0.370741483,1.557114228,0.91114225
3,0.372745491,1.565531062,0.903424768
3,0.374749499,1.573947896,0.895593601
3,0.376753507,1.582364729,0.8876501493
3,0.378757515,1.590781563,0.8795958312
3,0.380761523,1.599198397,0.8714320826
3,0.382765531,1.60761523,0.8631603566
3,0.384769539,1.616032064,0.8547821235
3,0.386773547,1.624448898,0.8462988706
3,0.3887775552,1.632865731,0.8377121016
3,0.3907815632,1.641282565,0.8290233368
3,0.3927855712,1.649699399,0.8202341127
3,0.3947895792,1.658116232,0.8113459816
3,0.3967935872,1.666533066,0.8023605115
3,0.3987975952,1.6749499,0.7932792859
3,0.4008016032,1.683366733,0.7841039034
3,0.4028056112,1.691783567,0.7748359777
3,0.4048096192,1.700200401,0.7654771369
3,0.4068136272,1.708617234,0.7560290237
3,0.4088176352,1.717034068,0.746493295
3,0.4108216432,1.725450902,0.7368716215
3,0.4128256514,1.733867735,0.7271656874
3,0.4148296594,1.742284569,0.7173771904
3,0.4168336674,1.750701403,0.7075078415
3,0.4188376754,1.759118236,0.697559364
3,0.4208416834,1.76753507,0.6875334943
3,0.4228456914,1.775951904,0.6774319807
3,0.4248496994,1.784368737,0.6672565836
3,0.4268537074,1.792785571,0.6570090752
3,0.4288577154,1.801202405,0.6466912389
3,0.4308617234,1.809619238,0.6363048696
3,0.4328657314,1.818036072,0.6258517727
3,0.4348697394,1.826452906,0.6153337645
3,0.4368737474,1.834869739,0.6047526713
3,0.4388777556,1.843286573,0.5941103296
3,0.4408817636,1.851703407,0.5834085856
3,0.4428857716,1.86012024,0.5726492949
3,0.4448897796,1.868537074,0.561834322
3,0.4468937876,1.876953908,0.5509655407
3,0.4488977956,1.885370741,0.5400448328
3,0.4509018036,1.893787575,0.5290740888
3,0.4529058116,1.902204409,0.5180552067
3,0.4549098196,1.910621242,0.5069900926
3,0.4569138276,1.919038076,0.4958806595
3,0.4589178356,1.92745491,0.4847288276
3,0.4609218436,1.935871743,0.473536524
3,0.4629258518,1.944288577,0.4623056819
3,0.4649298598,1.952705411,0.4510382409
3,0.4669338678,1.961122244,0.439736146
3,0.4689378758,1.969539078,0.4284013482
3,0.4709418838,1.977955912,0.4170358034
3,0.4729458918,1.986372745,0.4056414724
3,0.4749498998,1.994789579,0.3942203205
3,0.4769539078,2.003206413,0.3827743173
3,0.4789579158,2.011623246,0.3713054366
3,0.4809619238,2.02004008,0.3598156554
3,0.4829659318,2.028456914,0.3483069542
3,0.4849699398,2.036873747,0.3367813167
3,0.4869739478,2.045290581,0.3252407289
3,0.488977956,2.053707415,0.3136871794
3,0.490981964,2.062124248,0.3021226589
3,0.492985972,2.070541082,0.2905491598
3,0.49498998,2.078957916,0.2789686757
3,0.496993988,2.087374749,0.2673832016
3,0.498997996,2.095791583,0.2557947333
3,0.501002004,2.104208417,0.2442052667
3,0.503006012,2.112625251,0.2326167984
3,0.50501002,2.121042084,0.2210313243
3,0.507014028,2.129458918,0.2094508402
3,0.509018036,2.137875752,0.1978773411
3,0.511022044,2.146292585,0.1863128206
3,0.5130260522,2.154709419,0.1747592711
3,0.5150300602,2.163126253,0.1632186833
3,0.5170340682,2.171543086,0.1516930458
3,0.5190380762,2.17995992,0.1401843446
3,0.5210420842,2.188376754,0.1286945634
3,0.5230460922,2.196793587,0.1172256827
3,0.5250501002,2.205210421,0.1057796795
3,0.5270541082,2.213627255,0.09435852764
3,0.5290581162,2.222044088,0.08296419659
3,0.5310621242,2.230460922,0.07159865176
3,0.5330661322,2.238877756,0.06026385396
3,0.5350701402,2.247294589,0.04896175915
3,0.5370741482,2.255711423,0.03769431807
3,0.5390781564,2.264128257,0.02646347599
3,0.5410821644,2.27254509,0.01527117236
3,0.5430861724,2.280961924,0.004119340525
3,0.5450901804,2.289378758,-0.006990092573
3,0.5470941884,2.297795591,-0.01805520673
3,0.5490981964,2.306212425,-0.02907408876
3,0.5511022044,2.314629259,-0.04004483281
3,0.5531062124,2.323046092,-0.05096554067
3,0.5551102204,2.331462926,-0.06183432203
3,0.5571142284,2.33987976,-0.07264929486
3,0.5591182364,2.348296593,-0.08340858562
3,0.5611222444,2.356713427,-0.09411032962
3,0.5631262526,2.365130261,-0.1047526713
3,0.5651302606,2.373547094,-0.1153337645
3,0.5671342686,2.381963928,-0.1258517727
3,0.5691382766,2.390380762,-0.1363048696
3,0.5711422846,2.398797595,-0.1466912389
3,0.5731462926,2.407214429,-0.1570090752
3,0.5751503006,2.415631263,-0.1672565836
3,0.5771543086,2.424048096,-0.1774319807
3,0.5791583166,2.43246493,-0.1875334943
3,0.5811623246,2.440881764,-0.197559364
3,0.5831663326,2.449298597,-0.2075078415
3,0.5851703406,2.457715431,-0.2173771904
3,0.5871743486,2.466132265,-0.2271656874
3,0.5891783568,2.474549098,-0.2368716215
3,0.5911823648,2.482965932,-0.246493295
3,0.5931863728,2.491382766,-0.2560290237
3,0.5951903808,2.499799599,-0.2654771369
3,0.5971943888,2.508216433,-0.2748359777
3,0.5991983968,2.516633267,-0.2841039034
3,0.6012024048,2.5250501,-0.2932792859
3,0.6032064128,2.533466934,-0.3023605115
3,0.6052104208,2.541883768,-0.3113459816
3,0.6072144288,2.550300601,-0.3202341127
3,0.6092184368,2.558717435,-0.3290233368
3,0.6112224448,2.567134269,-0.3377121016
3,0.613226453,2.575551102,-0.3462988706
3,0.615230461,2.583967936,-0.3547821235
3,0.617234469,2.59238477,-0.3631603566
3,0.619238477,2.600801603,-0.3714320826
3,0.621242485,2.609218437,-0.3795958312
3,0.623246493,2.617635271,-0.3876501493
3,0.625250501,2.626052104,-0.395593601
3,0.627254509,2.634468938,-0.403424768
3,0.629258517,2.642885772,-0.41114225
3,0.631262525,2.651302605,-0.4187446644
3,0.633266533,2.659719439,-0.426230647
3,0.635270541,2.668136273,-0.4335988522
3,0.637274549,2.676553106,-0.4408479529
3,0.6392785572,2.68496994,-0.447976641
3,0.6412825652,2.693386774,-0.4549836272
3,0.6432865732,2.701803607,-0.4618676419
3,0.6452905812,2.710220441,-0.4686274348
3,0.6472945892,2.718637275,-0.4752617752
3,0.6492985972,2.727054108,-0.4817694524
3,0.6513026052,2.735470942,-0.488149276
3,0.6533066132,2.743887776,-0.4944000753
3,0.6553106212,2.752304609,-0.5005207007
3,0.6573146292,2.760721443,-0.5065100228
3,0.6593186372,2.769138277,-0.5123669332
3,0.6613226452,2.77755511,-0.5180903444
3,0.6633266534,2.785971944,-0.5236791902
3,0.6653306614,2.794388778,-0.5291324256
3,0.6673346694,2.802805611,-0.5344490271
3,0.6693386774,2.811222445,-0.5396279931
3,0.6713426854,2.819639279,-0.5446683434
3,0.6733466934,2.828056112,-0.5495691202
3,0.6753507014,2.836472946,-0.5543293875
3,0.6773547094,2.84488978,-0.5589482319
3,0.6793587174,2.853306613,-0.5634247621
3,0.6813627254,2.861723447,-0.5677581095
3,0.6833667334,2.870140281,-0.5719474282
3,0.6853707414,2.878557114,-0.5759918953
3,0.6873747494,2.886973948,-0.5798907105
3,0.6893787576,2.895390782,-0.5836430969
3,0.6913827656,2.903807615,-0.5872483008
3,0.6933867736,2.912224449,-0.5907055916
3,0.6953907816,2.920641283,-0.5940142623
3,0.6973947896,2.929058116,-0.5971736296
3,0.6993987976,2.93747495,-0.6001830336
3,0.7014028056,2.945891784,-0.6030418384
3,0.7034068136,2.954308617,-0.6057494319
3,0.7054108216,2.962725451,-0.6083052258
3,0.7074148296,2.971142285,-0.6107086562
3,0.7094188376,2.979559118,-0.6129591832
3,0.7114228456,2.987975952,-0.6150562909
3,0.7134268538,2.996392786,-0.6169994882
3,0.7154308618,3.004809619,-0.6187883081
3,0.7174348698,3.013226453,-0.620422308
3,0.7194388778,3.021643287,-0.6219010701
3,0.7214428858,3.03006012,-0.6232242011
3,0.7234468938,3.038476954,-0.6243913322
3,0.7254509018,3.046893788,-0.6254021197
3,0.7274549098,3.055310621,-0.6262562444
3,0.7294589178,3.063727455,-0.6269534119
3,0.7314629258,3.072144289,-0.627493353
3,0.7334669338,3.080561122,-0.6278758231
3,0.7354709418,3.088977956,-0.6281006027
3,0.7374749498,3.09739479,-0.6281674974
3,0.739478958,3.105811623,-0.6280763377
3,0.741482966,3.114228457,-0.6278269791
3,0.743486974,3.122645291,-0.6274193023
3,0.745490982,3.131062124,-0.6268532132
3,0.74749499,3.139478958,-0.6261286425
3,0.749498998,3.147895792,-0.6252455464
3,0.751503006,3.156312625,-0.6242039059
3,0.753507014,3.164729459,-0.6230037274
3,0.755511022,3.173146293,-0.6216450422
3,0.75751503,3.181563126,-0.6201279069
3,0.759519038,3.18997996,-0.6184524032
3,0.761523046,3.198396794,-0.6166186379
3,0.7635270542,3.206813627,-0.6146267428
3,0.7655310622,3.215230461,-0.6124768748
3,0.7675350702,3.223647295,-0.6101692161
3,0.7695390782,3.232064128,-0.6077039735
3,0.7715430862,3.240480962,-0.605081379
3,0.7735470942,3.248897796,-0.6023016897
3,0.7755511022,3.257314629,-0.5993651873
3,0.7775551102,3.265731463,-0.5962721785
3,0.7795591182,3.274148297,-0.5930229949
3,0.7815631262,3.28256513,-0.5896179927
3,0.7835671342,3.290981964,-0.586057553
3,0.7855711422,3.299398798,-0.5823420813
3,0.7875751504,3.307815631,-0.5784720079
3,0.7895791584,3.316232465,-0.5744477874
3,0.7915831664,3.324649299,-0.5702698991
3,0.7935871744,3.333066132,-0.5659388464
3,0.7955911824,3.341482966,-0.5614551572
3,0.7975951904,3.3498998,-0.5568193835
3,0.7995991984,3.358316633,-0.5520321013
3,0.8016032064,3.366733467,-0.5470939109
3,0.8036072144,3.375150301,-0.5420054363
3,0.8056112224,3.383567134,-0.5367673253
3,0.8076152304,3.391983968,-0.5313802496
3,0.8096192384,3.400400802,-0.5258449044
3,0.8116232464,3.408817635,-0.5201620085
3,0.8136272546,3.417234469,-0.514332304
3,0.8156312626,3.425651303,-0.5083565562
3,0.8176352706,3.434068136,-0.5022355539
3,0.8196392786,3.44248497,-0.4959701085
3,0.8216432866,3.450901804,-0.4895610545
3,0.8236472946,3.459318637,-0.4830092492
3,0.8256513026,3.467735471,-0.4763155726
3,0.8276553106,3.476152305,-0.4694809269
3,0.8296593186,3.484569138,-0.4625062369
3,0.8316633266,3.492985972,-0.4553924497
3,0.8336673346,3.501402806,-0.4481405341
3,0.8356713426,3.509819639,-0.440751481
3,0.8376753508,3.518236473,-0.4332263031
3,0.8396793588,3.526653307,-0.4255660346
3,0.8416833668,3.53507014,-0.4177717312
3,0.8436873748,3.543486974,-0.4098444697
3,0.8456913828,3.551903808,-0.4017853481
3,0.8476953908,3.560320641,-0.3935954852
3,0.8496993988,3.568737475,-0.3852760207
3,0.8517034068,3.577154309,-0.3768281148
3,0.8537074148,3.585571142,-0.3682529478
3,0.8557114228,3.593987976,-0.3595517206
3,0.8577154308,3.60240481,-0.3507256537
3,0.8597194388,3.610821643,-0.3417759877
3,0.8617234468,3.619238477,-0.3327039827
3,0.863727455,3.627655311,-0.3235109179
3,0.865731463,3.636072144,-0.3141980923
3,0.867735471,3.644488978,-0.3047668233
3,0.869739479,3.652905812,-0.2952184473
3,0.871743487,3.661322645,-0.2855543195
3,0.873747495,3.669739479,-0.2757758131
3,0.875751503,3.678156313,-0.2658843195
3,0.877755511,3.686573146,-0.2558812482
3,0.879759519,3.69498998,-0.2457680263
3,0.881763527,3.703406814,-0.2355460982
3,0.883767535,3.711823647,-0.2252169258
3,0.885771543,3.720240481,-0.2147819878
3,0.8877755512,3.728657315,-0.2042427798
3,0.8897795592,3.737074148,-0.1936008139
3,0.8917835672,3.745490982,-0.1828576184
3,0.8937875752,3.753907816,-0.1720147377
3,0.8957915832,3.762324649,-0.1610737321
3,0.8977955912,3.770741483,-0.1500361774
3,0.8997995992,3.779158317,-0.1389036646
3,0.9018036072,3.78757515,-0.1276777998
3,0.9038076152,3.795991984,-0.1163602041
3,0.9058116232,3.804408818,-0.1049525129
3,0.9078156312,3.812825651,-0.09345637597
3,0.9098196392,3.821242485,-0.08187345711
3,0.9118236472,3.829659319,-0.07020543388
3,0.9138276554,3.838076152,-0.05845399732
3,0.9158316634,3.846492986,-0.0466208517
3,0.9178356714,3.85490982,-0.03470771425
3,0.9198396794,3.863326653,-0.02271631487
3,0.9218436874,3.871743487,-0.01064839587
3,0.9238476954,3.880160321,0.001494288285
3,0.9258517034,3.888577154,0.01370997131
3,0.9278557114,3.896993988,0.02599687532
3,0.9298597194,3.905410822,0.03835321116
3,0.9318637274,3.913827655,0.05077717864
3,0.9338677354,3.922244489,0.06326696689
3,0.9358717434,3.930661323,0.07582075455
3,0.9378757516,3.939078156,0.08843671015
3,0.9398797596,3.94749499,0.1011129924
3,0.9418837676,3.955911824,0.1138477503
3,0.9438877756,3.964328657,0.1266391237
3,0.9458917836,3.972745491,0.1394852436
3,0.9478957916,3.981162325,0.152384232
3,0.9498997996,3.989579158,0.1653342027
3,0.9519038076,3.997995992,0.1783332616
3,0.9539078156,4.006412826,0.1913795064
3,0.9559118236,4.014829659,0.2044710276
3,0.9579158316,4.023246493,0.2176059085
3,0.9599198396,4.031663327,0.2307822256
3,0.9619238476,4.04008016,0.2439980485
3,0.9639278558,4.048496994,0.2572514409
3,0.9659318638,4.056913828,0.2705404604
3,0.9679358718,4.065330661,0.2838631589
3,0.9699398798,4.073747495,0.297217583
3,0.9719438878,4.082164329,0.3106017743
3,0.9739478958,4.090581162,0.3240137698
3,0.9759519038,4.098997996,0.3374516018
3,0.9779559118,4.10741483,0.3509132987
3,0.9799599198,4.115831663,0.364396885
3,0.9819639278,4.124248497,0.377900382
3,0.9839679358,4.132665331,0.3914218075
3,0.9859719438,4.141082164,0.4049591766
3,0.987975952,4.149498998,0.4185105019
3,0.98997996,4.157915832,0.4320737939
3,0.991983968,4.166332665,0.4456470608
3,0.993987976,4.174749499,0.4592283098
3,0.995991984,4.183166333,0.4728155463
3,0.997995992,4.191583166,0.486406775
3,1,4.2,0.5
4,0,0,0
4,0.002004008016,0.008817635271,0.013092223
4,0.004008016032,0.01763527054,0.02618244973
4,0.006012024048,0.02645290581,0.03926868422
4,0.008016032064,0.03527054108,0.05234893114
4,0.01002004008,0.04408817635,0.06542119612
4,0.0120240481,0.05290581162,0.07848348605
4,0.01402805611,0.06172344689,0.09153380939
4,0.01603206413,0.07054108216,0.1045701765
4,0.01803607214,0.07935871743,0.1175906
4,0.02004008016,0.08817635271,0.1305930949
4,0.02204408818,0.09699398798,0.1435756793
4,0.0240480962,0.1058116232,0.1565363742
4,0.0260521042,0.1146292585,0.1694732042
4,0.02805611222,0.1234468938,0.1823841976
4,0.03006012024,0.1322645291,0.1952673869
4,0.03206412826,0.1410821643,0.2081208091
4,0.03406813628,0.1498997996,0.2209425056
4,0.03607214428,0.1587174349,0.233730523
4,0.0380761523,0.1675350701,0.2464829134
4,0.04008016032,0.1763527054,0.2591977344
4,0.04208416834,0.1851703407,0.2718730494
4,0.04408817636,0.193987976,0.2845069283
4,0.04609218436,0.2028056112,0.2970974475
4,0.04809619238,0.2116232465,0.3096426903
4,0.0501002004,0.2204408818,0.3221407472
4,0.05210420842,0.229258517,0.3345897159
4,0.05410821644,0.2380761523,0.3469877023
4,0.05611222444,0.2468937876,0.3593328201
4,0.05811623246,0.2557114228,0.3716231916
4,0.06012024048,0.2645290581,0.3838569475
4,0.0621242485,0.2733466934,0.3960322277
4,0.06412825652,0.2821643287,0.4081471813
4,0.06613226452,0.2909819639,0.420199967
4,0.06813627254,0.2997995992,0.4321887532
4,0.07014028056,0.3086172345,0.4441117187
4,0.07214428858,0.3174348697,0.4559670525
4,0.0741482966,0.326252505,0.4677529545
4,0.0761523046,0.3350701403,0.4794676356
4,0.07815631262,0.3438877756,0.4911093177
4,0.08016032064,0.3527054108,0.5026762347
4,0.08216432866,0.3615230461,0.5141666321
4,0.08416833668,0.3703406814,0.5255787675
4,0.08617234468,0.3791583166,0.5369109111
4,0.0881763527,0.3879759519,0.5481613457
4,0.09018036072,0.3967935872,0.5593283669
4,0.09218436874,0.4056112224,0.5704102838
4,0.09418837676,0.4144288577,0.5814054187
4,0.09619238476,0.423246493,0.5923121079
4,0.09819639278,0.4320641283,0.6031287016
4,0.1002004008,0.4408817635,0.6138535644
4,0.1022044088,0.4496993988,0.6244850752
4,0.1042084168,0.4585170341,0.6350216279
4,0.1062124248,0.4673346693,0.6454616315
4,0.1082164329,0.4761523046,0.6558035102
4,0.1102204409,0.4849699399,0.6660457037
4,0.1122244489,0.4937875752,0.6761866676
4,0.1142284569,0.5026052104,0.6862248736
4,0.1162324649,0.5114228457,0.6961588096
4,0.1182364729,0.520240481,0.70598698
4,0.120240481,0.5290581162,0.715707906
4,0.122244489,0.5378757515,0.725320126
4,0.124248497,0.5466933868,0.7348221953
4,0.126252505,0.555511022,0.7442126868
4,0.128256513,0.5643286573,0.7534901912
4,0.130260521,0.5731462926,0.7626533171
4,0.1322645291,0.5819639279,0.771700691
4,0.1342685371,0.5907815631,0.780630958
4,0.1362725451,0.5995991984,0.7894427817
4,0.1382765531,0.6084168337,0.7981348444
4,0.1402805611,0.6172344689,0.8067058475
4,0.1422845691,0.6260521042,0.8151545115
4,0.1442885772,0.6348697395,0.8234795763
4,0.1462925852,0.6436873747,0.8316798015
4,0.1482965932,0.65250501,0.8397539665
4,0.1503006012,0.6613226453,0.8477008704
4,0.1523046092,0.6701402806,0.8555193329
4,0.1543086172,0.6789579158,0.8632081938
4,0.1563126253,0.6877755511,0.8707663134
4,0.1583166333,0.6965931864,0.8781925729
4,0.1603206413,0.7054108216,0.8854858743
4,0.1623246493,0.7142284569,0.8926451408
4,0.1643286573,0.7230460922,0.8996693167
4,0.1663326653,0.7318637275,0.9065573677
4,0.1683366733,0.7406813627,0.9133082813
4,0.1703406814,0.749498998,0.9199210666
4,0.1723446894,0.7583166333,0.9263947545
4,0.1743486974,0.7671342685,0.9327283982
4,0.1763527054,0.7759519038,0.9389210729
4,0.1783567134,0.7847695391,0.9449718761
4,0.1803607214,0.7935871743,0.9508799281
4,0.1823647295,0.8024048096,0.9566443715
4,0.1843687375,0.8112224449,0.9622643719
4,0.1863727455,0.8200400802,0.9677391176
4,0.1883767535,0.8288577154,0.9730678201
4,0.1903807615,0.8376753507,0.978249714
4,0.1923847695,0.846492986,0.9832840572
4,0.1943887776,0.8553106212,0.9881701309
4,0.1963927856,0.8641282565,0.9929072399
4,0.1983967936,0.8729458918,0.9974947125
4,0.2004008016,0.8817635271,1.001931901
4,0.2024048096,0.8905811623,1.006218181
4,0.2044088176,0.8993987976,1.010352953
4,0.2064128256,0.9082164329,1.01433564
4,0.2084168336,0.9170340681,1.018165691
4,0.2104208416,0.9258517034,1.021842577
4,0.2124248496,0.9346693387,1.025365795
4,0.2144288578,0.9434869739,1.028734867
4,0.2164328658,0.9523046092,1.031949337
4,0.2184368738,0.9611222445,1.035008774
4,0.2204408818,0.9699398798,1.037912774
4,0.2224448898,0.978757515,1.040660956
4,0.2244488978,0.9875751503,1.043252963
4,0.2264529058,0.9963927856,1.045688463
4,0.2284569138,1.005210421,1.047967151
4,0.2304609218,1.014028056,1.050088743
4,0.2324649298,1.022845691,1.052052984
4,0.2344689378,1.031663327,1.05385964
4,0.2364729458,1.040480962,1.055508506
4,0.238476954,1.049298597,1.056999399
4,0.240480962,1.058116232,1.058332163
4,0.24248497,1.066933868,1.059506664
4,0.244488978,1.075751503,1.060522798
4,0.246492986,1.084569138,1.061380481
4,0.248496994,1.093386774,1.062079657
4,0.250501002,1.102204409,1.062620296
4,0.25250501,1.111022044,1.06300239
4,0.254509018,1.119839679,1.063225959
4,0.256513026,1.128657315,1.063291046
4,0.258517034,1.13747495,1.063197721
4,0.260521042,1.146292585,1.062946077
4,0.2625250502,1.15511022,1.062536235
4,0.2645290582,1.163927856,1.061968338
4,0.2665330662,1.172745491,1.061242557
4,0.2685370742,1.181563126,1.060359084
4,0.2705410822,1.190380762,1.059318141
4,0.2725450902,1.199198397,1.058119972
4,0.2745490982,1.208016032,1.056764845
4,0.2765531062,1.216833667,1.055253056
4,0.2785571142,1.225651303,1.053584923
4,0.2805611222,1.234468938,1.05176079
4,0.2825651302,1.243286573,1.049781025
4,0.2845691382,1.252104208,1.047646024
4,0.2865731462,1.260921844,1.045356202
4,0.2885771544,1.269739479,1.042912002
4,0.2905811624,1.278557114,1.040313893
4,0.2925851704,1.287374749,1.037562364
4,0.2945891784,1.296192385,1.034657931
4,0.2965931864,1.30501002,1.031601135
4,0.2985971944,1.313827655,1.02839254
4,0.3006012024,1.322645291,1.025032733
4,0.3026052104,1.331462926,1.021522327
4,0.3046092184,1.340280561,1.017861958
4,0.3066132264,1.349098196,1.014052285
4,0.3086172344,1.357915832,1.010093992
4,0.3106212424,1.366733467,1.005987786
4,0.3126252506,1.375551102,1.001734398
4,0.3146292586,1.384368737,0.9973345806
4,0.3166332666,1.393186373,0.9927891116
4,0.3186372746,1.402004008,0.9880987908
4,0.3206412826,1.410821643,0.9832644414
4,0.3226452906,1.419639279,0.9782869092
4,0.3246492986,1.428456914,0.9731670629
4,0.3266533066,1.437274549,0.9679057935
4,0.3286573146,1.446092184,0.9625040148
4,0.3306613226,1.45490982,0.9569626624
4,0.3326653306,1.463727455,0.9512826945
4,0.3346693386,1.47254509,0.9454650909
4,0.3366733466,1.481362725,0.9395108535
4,0.3386773548,1.490180361,0.9334210057
4,0.3406813628,1.498997996,0.9271965925
4,0.3426853708,1.507815631,0.9208386801
4,0.3446893788,1.516633267,0.914348356
4,0.3466933868,1.525450902,0.9077267286
4,0.3486973948,1.534268537,0.9009749273
4,0.3507014028,1.543086172,0.8940941017
4,0.3527054108,1.551903808,0.8870854225
4,0.3547094188,1.560721443,0.87995008
4,0.3567134268,1.569539078,0.8726892852
4,0.3587174348,1.578356713,0.8653042685
4,0.3607214428,1.587174349,0.8577962802
4,0.362725451,1.595991984,0.8501665902
4,0.364729459,1.604809619,0.8424164875
4,0.366733467,1.613627255,0.8345472803
4,0.368737475,1.62244489,0.8265602956
4,0.370741483,1.631262525,0.8184568792
4,0.372745491,1.64008016,0.8102383953
4,0.374749499,1.648897796,0.8019062262
4,0.376753507,1.657715431,0.7934617726
4,0.378757515,1.666533066,0.7849064525
4,0.380761523,1.675350701,0.7762417018
4,0.382765531,1.684168337,0.7674689738
4,0.384769539,1.692985972,0.7585897387
4,0.386773547,1.701803607,0.7496054838
4,0.3887775552,1.710621242,0.7405177128
4,0.3907815632,1.719438878,0.731327946
4,0.3927855712,1.728256513,0.7220377199
4,0.3947895792,1.737074148,0.7126485868
4,0.3967935872,1.745891784,0.7031621147
4,0.3987975952,1.754709419,0.6935798871
4,0.4008016032,1.763527054,0.6839035026
4,0.4028056112,1.772344689,0.6741345749
4,0.4048096192,1.781162325,0.6642747321
4,0.4068136272,1.78997996,0.6543256169
4,0.4088176352,1.798797595,0.6442888862
4,0.4108216432,1.80761523,0.6341662106
4,0.4128256514,1.816432866,0.6239592745
4,0.4148296594,1.825250501,0.6136697756
4,0.4168336674,1.834068136,0.6032994246
4,0.4188376754,1.842885772,0.5928499452
4,0.4208416834,1.851703407,0.5823230735
4,0.4228456914,1.860521042,0.5717205579
4,0.4248496994,1.869338677,0.5610441588
4,0.4268537074,1.878156313,0.5502956483
4,0.4288577154,1.886973948,0.5394768101
4,0.4308617234,1.895791583,0.5285894387
4,0.4328657314,1.904609218,0.5176353398
4,0.4348697394,1.913426854,0.5066163296
4,0.4368737474,1.922244489,0.4955342344
4,0.4388777556,1.931062124,0.4843908907
4,0.4408817636,1.93987976,0.4731881447
4,0.4428857716,1.948697395,0.461927852
4,0.4448897796,1.95751503,0.4506118771
4,0.4468937876,1.966332665,0.4392420938
4,0.4488977956,1.975150301,0.4278203839
4,0.4509018036,1.983967936,0.4163486379
4,0.4529058116,1.992785571,0.4048287538
4,0.4549098196,2.001603206,0.3932626377
4,0.4569138276,2.010420842,0.3816522026
4,0.4589178356,2.019238477,0.3699993687
4,0.4609218436,2.028056112,0.3583060631
4,0.4629258518,2.036873747,0.346574219
4,0.4649298598,2.045691383,0.3348057759
4,0.4669338678,2.054509018,0.3230026791
4,0.4689378758,2.063326653,0.3111668793
4,0.4709418838,2.072144289,0.2993003325
4,0.4729458918,2.080961924,0.2874049994
4,0.4749498998,2.089779559,0.2754828455
4,0.4769539078,2.098597194,0.2635358404
4,0.4789579158,2.10741483,0.2515659576
4,0.4809619238,2.116232465,0.2395751744
4,0.4829659318,2.1250501,0.2275654713
4,0.4849699398,2.133867735,0.2155388317
4,0.4869739478,2.142685371,0.2034972419
4,0.488977956,2.151503006,0.1914426904
4,0.490981964,2.160320641,0.1793771679
4,0.492985972,2.169138277,0.1673026668
4,0.49498998,2.177955912,0.1552211807
4,0.496993988,2.186773547,0.1431347046
4,0.498997996,2.195591182,0.1310452343
4,0.501002004,2.204408818,0.1189547657
4,0.503006012,2.213226453,0.1068652954
4,0.50501002,2.222044088,0.09477881929
4,0.507014028,2.230861723,0.08269733323
4,0.509018036,2.239679359,0.07062283206
4,0.511022044,2.248496994,0.05855730956
4,0.5130260522,2.257314629,0.04650275811
4,0.5150300602,2.266132265,0.03446116831
4,0.5170340682,2.2749499,0.02243452874
4,0.5190380762,2.283767535,0.0104248256
4,0.5210420842,2.29258517,-0.001565957617
4,0.5230460922,2.301402806,-0.01353584038
4,0.5250501002,2.310220441,-0.0254828455
4,0.5270541082,2.319038076,-0.03740499941
4,0.5290581162,2.327855711,-0.04930033247
4,0.5310621242,2.336673347,-0.06116687931
4,0.5330661322,2.345490982,-0.0730026791
4,0.5350701402,2.354308617,-0.08480577592
4,0.5370741482,2.363126253,-0.096574219
4,0.5390781564,2.371943888,-0.1083060631
4,0.5410821644,2.380761523,-0.1199993687
4,0.5430861724,2.389579158,-0.1316522026
4,0.5450901804,2.398396794,-0.1432626377
4,0.5470941884,2.407214429,-0.1548287538
4,0.5490981964,2.416032064,-0.1663486379
4,0.5511022044,2.424849699,-0.1778203839
4,0.5531062124,2.433667335,-0.1892420938
4,0.5551102204,2.44248497,-0.2006118771
4,0.5571142284,2.451302605,-0.211927852
4,0.5591182364,2.46012024,-0.2231881447
4,0.5611222444,2.468937876,-0.2343908907
4,0.5631262526,2.477755511,-0.2455342344
4,0.5651302606,2.486573146,-0.2566163296
4,0.5671342686,2.495390782,-0.2676353398
4,0.5691382766,2.504208417,-0.2785894387
4,0.5711422846,2.513026052,-0.2894768101
4,0.5731462926,2.521843687,-0.3002956483
4,0.5751503006,2.530661323,-0.3110441588
4,0.5771543086,2.539478958,-0.3217205579
4,0.5791583166,2.548296593,-0.3323230735
4,0.5811623246,2.557114228,-0.3428499452
4,0.5831663326,2.565931864,-0.3532994246
4,0.5851703406,2.574749499,-0.3636697756
4,0.5871743486,2.583567134,-0.3739592745
4,0.5891783568,2.59238477,-0.3841662106
4,0.5911823648,2.601202405,-0.3942888862
4,0.5931863728,2.61002004,-0.4043256169
4,0.5951903808,2.618837675,-0.4142747321
4,0.5971943888,2.627655311,-0.4241345749
4,0.5991983968,2.636472946,-0.4339035026
4,0.6012024048,2.645290581,-0.4435798871
4,0.6032064128,2.654108216,-0.4531621147
4,0.6052104208,2.662925852,-0.4626485868
4,0.6072144288,2.671743487,-0.4720377199
4,0.6092184368,2.680561122,-0.481327946
4,0.6112224448,2.689378758,-0.4905177128
4,0.613226453,2.698196393,-0.4996054838
4,0.615230461,2.707014028,-0.5085897387
4,0.617234469,2.715831663,-0.5174689738
4,0.619238477,2.724649299,-0.5262417018
4,0.621242485,2.733466934,-0.5349064525
4,0.623246493,2.742284569,-0.5434617726
4,0.625250501,2.751102204,-0.5519062262
4,0.627254509,2.75991984,-0.5602383953
4,0.629258517,2.768737475,-0.5684568792
4,0.631262525,2.77755511,-0.5765602956
4,0.633266533,2.786372745,-0.5845472803
4,0.635270541,2.795190381,-0.5924164875
4,0.637274549,2.804008016,-0.6001665902
4,0.6392785572,2.812825651,-0.6077962802
4,0.6412825652,2.821643287,-0.6153042685
4,0.6432865732,2.830460922,-0.6226892852
4,0.6452905812,2.839278557,-0.62995008
4,0.6472945892,2.848096192,-0.6370854225
4,0.6492985972,2.856913828,-0.6440941017
4,0.6513026052,2.865731463,-0.6509749273
4,0.6533066132,2.874549098,-0.6577267286
4,0.6553106212,2.883366733,-0.664348356
4,0.6573146292,2.892184369,-0.6708386801
4,0.6593186372,2.901002004,-0.6771965925
4,0.6613226452,2.909819639,-0.6834210057
4,0.6633266534,2.918637275,-0.6895108535
4,0.6653306614,2.92745491,-0.6954650909
4,0.6673346694,2.936272545,-0.7012826945
4,0.6693386774,2.94509018,-0.7069626624
4,0.6713426854,2.953907816,-0.7125040148
4,0.6733466934,2.962725451,-0.7179057935
4,0.6753507014,2.971543086,-0.7231670629
4,0.6773547094,2.980360721,-0.7282869092
4,0.6793587174,2.989178357,-0.7332644414
4,0.6813627254,2.997995992,-0.7380987908
4,0.6833667334,3.006813627,-0.7427891116
4,0.6853707414,3.015631263,-0.7473345806
4,0.6873747494,3.024448898,-0.7517343979
4,0.6893787576,3.033266533,-0.7559877863
4,0.6913827656,3.042084168,-0.7600939922
4,0.6933867736,3.050901804,-0.764052285
4,0.6953907816,3.059719439,-0.7678619577
4,0.6973947896,3.068537074,-0.771522327
4,0.6993987976,3.077354709,-0.775032733
4,0.7014028056,3.086172345,-0.7783925398
4,0.7034068136,3.09498998,-0.7816011353
4,0.7054108216,3.103807615,-0.7846579312
4,0.7074148296,3.112625251,-0.7875623636
4,0.7094188376,3.121442886,-0.7903138926
4,0.7114228456,3.130260521,-0.7929120024
4,0.7134268538,3.139078156,-0.7953562017
4,0.7154308618,3.147895792,-0.7976460235
4,0.7174348698,3.156713427,-0.7997810255
4,0.7194388778,3.165531062,-0.8017607896
4,0.7214428858,3.174348697,-0.8035849225
4,0.7234468938,3.183166333,-0.8052530557
4,0.7254509018,3.191983968,-0.8067648452
4,0.7274549098,3.200801603,-0.8081199718
4,0.7294589178,3.209619238,-0.8093181414
4,0.7314629258,3.218436874,-0.8103590844
4,0.7334669338,3.227254509,-0.8112425565
4,0.7354709418,3.236072144,-0.8119683382
4,0.7374749498,3.24488978,-0.8125362349
4,0.739478958,3.253707415,-0.8129460771
4,0.741482966,3.26252505,-0.8131977206
4,0.743486974,3.271342685,-0.8132910458
4,0.745490982,3.280160321,-0.8132259587
4,0.74749499,3.288977956,-0.81300239
4,0.749498998,3.297795591,-0.8126202959
4,0.751503006,3.306613226,-0.8120796574
4,0.753507014,3.315430862,-0.8113804809
4,0.755511022,3.324248497,-0.8105227977
4,0.75751503,3.333066132,-0.8095066644
4,0.759519038,3.341883768,-0.8083321627
4,0.761523046,3.350701403,-0.8069993994
4,0.7635270542,3.359519038,-0.8055085063
4,0.7655310622,3.368336673,-0.8038596404
4,0.7675350702,3.377154309,-0.8020529836
4,0.7695390782,3.385971944,-0.800088743
4,0.7715430862,3.394789579,-0.7979671506
4,0.7735470942,3.403607214,-0.7956884632
4,0.7755511022,3.41242485,-0.7932529628
4,0.7775551102,3.421242485,-0.790660956
4,0.7795591182,3.43006012,-0.7879127744
4,0.7815631262,3.438877756,-0.7850087743
4,0.7835671342,3.447695391,-0.7819493365
4,0.7855711422,3.456513026,-0.7787348669
4,0.7875751504,3.465330661,-0.7753657954
4,0.7895791584,3.474148297,-0.771842577
4,0.7915831664,3.482965932,-0.7681656907
4,0.7935871744,3.491783567,-0.76433564
4,0.7955911824,3.500601202,-0.7603529528
4,0.7975951904,3.509418838,-0.7562181811
4,0.7995991984,3.518236473,-0.7519319009
4,0.8016032064,3.527054108,-0.7474947125
4,0.8036072144,3.535871743,-0.7429072399
4,0.8056112224,3.544689379,-0.7381701309
4,0.8076152304,3.553507014,-0.7332840572
4,0.8096192384,3.562324649,-0.728249714
4,0.8116232464,3.571142285,-0.7230678201
4,0.8136272546,3.57995992,-0.7177391176
4,0.8156312626,3.588777555,-0.7122643719
4,0.8176352706,3.59759519,-0.7066443715
4,0.8196392786,3.606412826,-0.7008799281
4,0.8216432866,3.615230461,-0.6949718761
4,0.8236472946,3.624048096,-0.6889210729
4,0.8256513026,3.632865731,-0.6827283982
4,0.8276553106,3.641683367,-0.6763947545
4,0.8296593186,3.650501002,-0.6699210666
4,0.8316633266,3.659318637,-0.6633082813
4,0.8336673346,3.668136273,-0.6565573677
4,0.8356713426,3.676953908,-0.6496693167
4,0.8376753508,3.685771543,-0.6426451408
4,0.8396793588,3.694589178,-0.6354858743
4,0.8416833668,3.703406814,-0.6281925729
4,0.8436873748,3.712224449,-0.6207663134
4,0.8456913828,3.721042084,-0.6132081938
4,0.8476953908,3.729859719,-0.6055193329
4,0.8496993988,3.738677355,-0.5977008704
4,0.8517034068,3.74749499,-0.5897539665
4,0.8537074148,3.756312625,-0.5816798015
4,0.8557114228,3.765130261,-0.5734795763
4,0.8577154308,3.773947896,-0.5651545115
4,0.8597194388,3.782765531,-0.5567058475
4,0.8617234468,3.791583166,-0.5481348444
4,0.863727455,3.800400802,-0.5394427817
4,0.865731463,3.809218437,-0.530630958
4,0.867735471,3.818036072,-0.521700691
4,0.869739479,3.826853707,-0.5126533171
4,0.871743487,3.835671343,-0.5034901912
4,0.873747495,3.844488978,-0.4942126868
4,0.875751503,3.853306613,-0.4848221953
4,0.877755511,3.862124248,-0.475320126
4,0.879759519,3.870941884,-0.465707906
4,0.881763527,3.879759519,-0.45598698
4,0.883767535,3.888577154,-0.4461588096
4,0.885771543,3.89739479,-0.4362248736
4,0.8877755512,3.906212425,-0.4261866676
4,0.8897795592,3.91503006,-0.4160457037
4,0.8917835672,3.923847695,-0.4058035102
4,0.8937875752,3.932665331,-0.3954616315
4,0.8957915832,3.941482966,-0.3850216279
4,0.8977955912,3.950300601,-0.3744850752
4,0.8997995992,3.959118236,-0.3638535644
4,0.9018036072,3.967935872,-0.3531287016
4,0.9038076152,3.976753507,-0.3423121079
4,0.9058116232,3.985571142,-0.3314054187
4,0.9078156312,3.994388778,-0.3204102838
4,0.9098196392,4.003206413,-0.3093283669
4,0.9118236472,4.012024048,-0.2981613457
4,0.9138276554,4.020841683,-0.2869109111
4,0.9158316634,4.029659319,-0.2755787675
4,0.9178356714,4.038476954,-0.2641666321
4,0.9198396794,4.047294589,-0.2526762347
4,0.9218436874,4.056112224,-0.2411093177
4,0.9238476954,4.06492986,-0.2294676356
4,0.9258517034,4.073747495,-0.2177529545
4,0.9278557114,4.08256513,-0.2059670525
4,0.9298597194,4.091382766,-0.1941117187
4,0.9318637274,4.100200401,-0.1821887532
4,0.9338677354,4.109018036,-0.170199967
4,0.9358717434,4.117835671,-0.1581471813
4,0.9378757516,4.126653307,-0.1460322277
4,0.9398797596,4.135470942,-0.1338569475
4,0.9418837676,4.144288577,-0.1216231916
4,0.9438877756,4.153106212,-0.1093328201
4,0.9458917836,4.161923848,-0.09698770231
4,0.9478957916,4.170741483,-0.08458971591
4,0.9498997996,4.179559118,-0.07214074715
4,0.9519038076,4.188376754,-0.05964269034
4,0.9539078156,4.197194389,-0.04709744754
4,0.9559118236,4.206012024,-0.0345069283
4,0.9579158316,4.214829659,-0.02187304937
4,0.9599198396,4.223647295,-0.009197734357
4,0.9619238476,4.23246493,0.00351708657
4,0.9639278558,4.241282565,0.01626947697
4,0.9659318638,4.2501002,0.02905749443
4,0.9679358718,4.258917836,0.04187919092
4,0.9699398798,4.267735471,0.05473261305
4,0.9719438878,4.276553106,0.0676158024
4,0.9739478958,4.285370741,0.08052679584
4,0.9759519038,4.294188377,0.09346362582
4,0.9779559118,4.303006012,0.1064243207
4,0.9799599198,4.311823647,0.1194069051
4,0.9819639278,4.320641283,0.1324094
4,0.9839679358,4.329458918,0.1454298235
4,0.9859719438,4.338276553,0.1584661906
4,0.987975952,4.347094188,0.171516514
4,0.98997996,4.355911824,0.1845788039
4,0.991983968,4.364729459,0.1976510689
4,0.993987976,4.373547094,0.2107313158
4,0.995991984,4.382364729,0.2238175503
4,0.997995992,4.391182365,0.236907777
4,1,4.4,0.25
