demo_id,t,x,y
0,0,-0.090630622,-0.11553149
0,0.001788908766,-0.089506485,-0.11437254
0,0.003577817531,-0.088381005,-0.11320227
0,0.005366726297,-0.087254491,-0.11202177
0,0.007155635063,-0.086127251,-0.11083217
0,0.008944543828,-0.084999596,-0.10963458
0,0.01073345259,-0.083871835,-0.10843011
0,0.01252236136,-0.082744275,-0.10721987
0,0.01431127013,-0.081617228,-0.10600497
0,0.01610017889,-0.080491001,-0.10478654
0,0.01788908766,-0.079365904,-0.10356567
0,0.01967799642,-0.078242245,-0.10234348
0,0.02146690519,-0.077120336,-0.10112109
0,0.02325581395,-0.076000483,-0.099899603
0,0.02504472272,-0.074882997,-0.098680137
0,0.02683363148,-0.073768186,-0.097463804
0,0.02862254025,-0.072656361,-0.096251715
0,0.03041144902,-0.071547829,-0.095044983
0,0.03220035778,-0.0704429,-0.093844721
0,0.03398926655,-0.069341883,-0.092652041
0,0.03577817531,-0.068245088,-0.091468056
0,0.03756708408,-0.067152893,-0.090294518
0,0.03935599284,-0.06606555,-0.089131827
0,0.04114490161,-0.064983313,-0.087980381
0,0.04293381038,-0.063906436,-0.08684058
0,0.04472271914,-0.062835171,-0.085712824
0,0.04651162791,-0.061769771,-0.08459751
0,0.04830053667,-0.06071049,-0.083495039
0,0.05008944544,-0.059657581,-0.08240581
0,0.0518783542,-0.058611297,-0.081330221
0,0.05366726297,-0.05757189,-0.080268672
0,0.05545617174,-0.056539615,-0.079221562
0,0.0572450805,-0.055514725,-0.078189289
0,0.05903398927,-0.054497472,-0.077172254
0,0.06082289803,-0.053488109,-0.076170856
0,0.0626118068,-0.052486891,-0.075185492
0,0.06440071556,-0.051494069,-0.074216564
0,0.06618962433,-0.050509898,-0.073264469
0,0.06797853309,-0.049534629,-0.072329607
0,0.06976744186,-0.048568517,-0.071412377
0,0.07155635063,-0.047611815,-0.070513178
0,0.07334525939,-0.046664847,-0.069632459
0,0.07513416816,-0.04572777,-0.068770481
0,0.07692307692,-0.044800738,-0.067927506
0,0.07871198569,-0.043883908,-0.067103794
0,0.08050089445,-0.042977435,-0.066299608
0,0.08228980322,-0.042081475,-0.065515209
0,0.08407871199,-0.041196184,-0.064750857
0,0.08586762075,-0.040321717,-0.064006815
0,0.08765652952,-0.03945823,-0.063283344
0,0.08944543828,-0.038605878,-0.062580705
0,0.09123434705,-0.037764818,-0.06189916
0,0.09302325581,-0.036935205,-0.06123897
0,0.09481216458,-0.036117195,-0.060600396
0,0.09660107335,-0.035310944,-0.0599837
0,0.09838998211,-0.034516606,-0.059389143
0,0.1001788909,-0.033734338,-0.058816986
0,0.1019677996,-0.032964296,-0.058267492
0,0.1037567084,-0.032206635,-0.057740921
0,0.1055456172,-0.031461511,-0.057237534
0,0.1073345259,-0.030729079,-0.056757593
0,0.1091234347,-0.030009569,-0.056301567
0,0.1109123435,-0.029303038,-0.055869458
0,0.1127012522,-0.028609543,-0.05546127
0,0.114490161,-0.027929141,-0.055077004
0,0.1162790698,-0.027261891,-0.054716666
0,0.1180679785,-0.026607848,-0.054380257
0,0.1198568873,-0.025967072,-0.05406778
0,0.1216457961,-0.025339618,-0.053779239
0,0.1234347048,-0.024725545,-0.053514637
0,0.1252236136,-0.02412491,-0.053273976
0,0.1270125224,-0.023537769,-0.05305726
0,0.1288014311,-0.022964181,-0.052864492
0,0.1305903399,-0.022404203,-0.052695675
0,0.1323792487,-0.021857892,-0.052550812
0,0.1341681574,-0.021325306,-0.052429906
0,0.1359570662,-0.020806502,-0.05233296
0,0.137745975,-0.020301537,-0.052259977
0,0.1395348837,-0.019810468,-0.05221096
0,0.1413237925,-0.019333354,-0.052185912
0,0.1431127013,-0.018870251,-0.052184837
0,0.14490161,-0.018421285,-0.05220782
0,0.1466905188,-0.017986421,-0.052254738
0,0.1484794275,-0.017565624,-0.052325468
0,0.1502683363,-0.017158859,-0.052419884
0,0.1520572451,-0.016766093,-0.052537863
0,0.1538461538,-0.01638729,-0.052679281
0,0.1556350626,-0.016022415,-0.052844014
0,0.1574239714,-0.015671435,-0.053031937
0,0.1592128801,-0.015334313,-0.053242928
0,0.1610017889,-0.015011016,-0.053476861
0,0.1627906977,-0.014701509,-0.053733613
0,0.1645796064,-0.014405757,-0.05401306
0,0.1663685152,-0.014123725,-0.054315078
0,0.168157424,-0.013855379,-0.054639542
0,0.1699463327,-0.013600683,-0.054986329
0,0.1717352415,-0.013359605,-0.055355315
0,0.1735241503,-0.013132107,-0.055746376
0,0.175313059,-0.012918157,-0.056159387
0,0.1771019678,-0.012717719,-0.056594225
0,0.1788908766,-0.012530758,-0.057050766
0,0.1806797853,-0.012357287,-0.057528942
0,0.1824686941,-0.012197206,-0.05802855
0,0.1842576029,-0.012050414,-0.058549388
0,0.1860465116,-0.011916811,-0.059091254
0,0.1878354204,-0.011796298,-0.059653943
0,0.1896243292,-0.011688774,-0.060237254
0,0.1914132379,-0.011594138,-0.060840985
0,0.1932021467,-0.011512292,-0.061464931
0,0.1949910555,-0.011443134,-0.06210889
0,0.1967799642,-0.011386565,-0.062772661
0,0.198568873,-0.011342484,-0.063456039
0,0.2003577818,-0.011310791,-0.064158823
0,0.2021466905,-0.011291387,-0.064880809
0,0.2039355993,-0.011284171,-0.065621795
0,0.2057245081,-0.011289043,-0.066381578
0,0.2075134168,-0.011305903,-0.067159955
0,0.2093023256,-0.01133465,-0.067956724
0,0.2110912343,-0.011375185,-0.068771682
0,0.2128801431,-0.011427407,-0.069604626
0,0.2146690519,-0.011491217,-0.070455354
0,0.2164579606,-0.011566547,-0.071323735
0,0.2182468694,-0.011653251,-0.07220947
0,0.2200357782,-0.011751183,-0.073112262
0,0.2218246869,-0.0118602,-0.074031813
0,0.2236135957,-0.011980154,-0.074967824
0,0.2254025045,-0.012110902,-0.075919996
0,0.2271914132,-0.012252297,-0.076888033
0,0.228980322,-0.012404195,-0.077871634
0,0.2307692308,-0.012566449,-0.078870503
0,0.2325581395,-0.012738915,-0.079884341
0,0.2343470483,-0.012921447,-0.080912849
0,0.2361359571,-0.0131139,-0.08195573
0,0.2379248658,-0.013316128,-0.083012686
0,0.2397137746,-0.013527986,-0.084083417
0,0.2415026834,-0.013749329,-0.085167626
0,0.2432915921,-0.013980012,-0.086265014
0,0.2450805009,-0.014219889,-0.087375284
0,0.2468694097,-0.014468814,-0.088498136
0,0.2486583184,-0.014726642,-0.089633274
0,0.2504472272,-0.014993229,-0.090780398
0,0.252236136,-0.015250454,-0.091930191
0,0.2540250447,-0.015519647,-0.0930931
0,0.2558139535,-0.015800358,-0.09426787
0,0.2576028623,-0.016092138,-0.095453246
0,0.259391771,-0.016394539,-0.096647973
0,0.2611806798,-0.01670711,-0.097850797
0,0.2629695886,-0.017029403,-0.099060461
0,0.2647584973,-0.017360969,-0.10027571
0,0.2665474061,-0.017701358,-0.10149529
0,0.2683363148,-0.01805012,-0.10271795
0,0.2701252236,-0.018406808,-0.10394243
0,0.2719141324,-0.018770971,-0.10516748
0,0.2737030411,-0.01914216,-0.10639184
0,0.2754919499,-0.019519926,-0.10761425
0,0.2772808587,-0.01990382,-0.10883347
0,0.2790697674,-0.020293393,-0.11004823
0,0.2808586762,-0.020688195,-0.11125729
0,0.282647585,-0.021087777,-0.11245938
0,0.2844364937,-0.02149169,-0.11365325
0,0.2862254025,-0.021899485,-0.11483765
0,0.2880143113,-0.022311824,-0.11601133
0,0.28980322,-0.022728656,-0.1171739
0,0.2915921288,-0.023149932,-0.11832498
0,0.2933810376,-0.023575601,-0.11946419
0,0.2951699463,-0.024005613,-0.12059115
0,0.2969588551,-0.024439918,-0.12170548
0,0.2987477639,-0.024878466,-0.1228068
0,0.3005366726,-0.025321207,-0.12389472
0,0.3023255814,-0.02576809,-0.12496887
0,0.3041144902,-0.026219066,-0.12602886
0,0.3059033989,-0.026674084,-0.12707432
0,0.3076923077,-0.027133094,-0.12810486
0,0.3094812165,-0.027596046,-0.1291201
0,0.3112701252,-0.028062889,-0.13011966
0,0.313059034,-0.028533575,-0.13110315
0,0.3148479428,-0.029008052,-0.13207021
0,0.3166368515,-0.02948627,-0.13302044
0,0.3184257603,-0.029968179,-0.13395347
0,0.3202146691,-0.03045373,-0.13486891
0,0.3220035778,-0.030942871,-0.13576638
0,0.3237924866,-0.031428413,-0.13669623
0,0.3255813953,-0.031918658,-0.13759744
0,0.3273703041,-0.032413432,-0.13847051
0,0.3291592129,-0.032912558,-0.13931594
0,0.3309481216,-0.033415862,-0.14013424
0,0.3327370304,-0.033923167,-0.1409259
0,0.3345259392,-0.034434299,-0.14169144
0,0.3363148479,-0.034949083,-0.14243135
0,0.3381037567,-0.035467341,-0.14314614
0,0.3398926655,-0.0359889,-0.14383631
0,0.3416815742,-0.036513584,-0.14450237
0,0.343470483,-0.037041217,-0.14514482
0,0.3452593918,-0.037571624,-0.14576415
0,0.3470483005,-0.03810463,-0.14636089
0,0.3488372093,-0.038640058,-0.14693552
0,0.3506261181,-0.039177735,-0.14748855
0,0.3524150268,-0.039717483,-0.14802048
0,0.3542039356,-0.040259128,-0.14853183
0,0.3559928444,-0.040802495,-0.14902308
0,0.3577817531,-0.041347408,-0.14949475
0,0.3595706619,-0.041894161,-0.14994377
0,0.3613595707,-0.042442711,-0.15037004
0,0.3631484794,-0.042993013,-0.1507735
0,0.3649373882,-0.043545025,-0.15115404
0,0.366726297,-0.044098701,-0.15151158
0,0.3685152057,-0.044653999,-0.15184604
0,0.3703041145,-0.045210874,-0.15215733
0,0.3720930233,-0.045769282,-0.15244536
0,0.373881932,-0.04632918,-0.15271004
0,0.3756708408,-0.046890524,-0.1529513
0,0.3774597496,-0.047453269,-0.15316904
0,0.3792486583,-0.048017373,-0.15336318
0,0.3810375671,-0.04858279,-0.15353362
0,0.3828264758,-0.049149478,-0.1536803
0,0.3846153846,-0.049717392,-0.15380311
0,0.3864042934,-0.050286489,-0.15390197
0,0.3881932021,-0.050856724,-0.15397679
0,0.3899821109,-0.051428054,-0.1540275
0,0.3917710197,-0.052000435,-0.15405399
0,0.3935599284,-0.052573822,-0.1540562
0,0.3953488372,-0.053148118,-0.1540343
0,0.397137746,-0.053723268,-0.15398845
0,0.3989266547,-0.054299222,-0.15391876
0,0.4007155635,-0.054875927,-0.15382537
0,0.4025044723,-0.055453331,-0.1537084
0,0.404293381,-0.056031381,-0.15356798
0,0.4060822898,-0.056610026,-0.15340425
0,0.4078711986,-0.057189213,-0.15321734
0,0.4096601073,-0.05776889,-0.15300736
0,0.4114490161,-0.058349005,-0.15277446
0,0.4132379249,-0.058929506,-0.15251876
0,0.4150268336,-0.059510341,-0.15224039
0,0.4168157424,-0.060091457,-0.15193948
0,0.4186046512,-0.060672802,-0.15161617
0,0.4203935599,-0.061254324,-0.15127057
0,0.4221824687,-0.061835971,-0.15090282
0,0.4239713775,-0.06241769,-0.15051305
0,0.4257602862,-0.062999431,-0.15010139
0,0.427549195,-0.063581139,-0.14966797
0,0.4293381038,-0.064162764,-0.14921291
0,0.4311270125,-0.06474426,-0.14873625
0,0.4329159213,-0.065325574,-0.14823819
0,0.4347048301,-0.065906656,-0.14771893
0,0.4364937388,-0.066487451,-0.14717867
0,0.4382826476,-0.067067907,-0.1466176
0,0.4400715564,-0.067647973,-0.14603593
0,0.4418604651,-0.068227594,-0.14543386
0,0.4436493739,-0.06880672,-0.14481158
0,0.4454382826,-0.069385296,-0.14416931
0,0.4472271914,-0.069963272,-0.14350723
0,0.4490161002,-0.070540594,-0.14282554
0,0.4508050089,-0.071117209,-0.14212446
0,0.4525939177,-0.071693066,-0.14140417
0,0.4543828265,-0.072268111,-0.14066488
0,0.4561717352,-0.072842293,-0.13990678
0,0.457960644,-0.073415558,-0.13913008
0,0.4597495528,-0.073987855,-0.13833498
0,0.4615384615,-0.07455913,-0.13752167
0,0.4633273703,-0.075129331,-0.13669036
0,0.4651162791,-0.075698406,-0.13584124
0,0.4669051878,-0.076266305,-0.13497445
0,0.4686940966,-0.076832971,-0.13409029
0,0.4704830054,-0.077398346,-0.13318905
0,0.4722719141,-0.077962374,-0.13227101
0,0.4740608229,-0.078524996,-0.13133649
0,0.4758497317,-0.079086156,-0.13038577
0,0.4776386404,-0.079645797,-0.12941914
0,0.4794275492,-0.080203861,-0.1284369
0,0.481216458,-0.08076029,-0.12743935
0,0.4830053667,-0.081315028,-0.12642678
0,0.4847942755,-0.081868018,-0.12539948
0,0.4865831843,-0.082419201,-0.12435774
0,0.488372093,-0.082968521,-0.12330187
0,0.4901610018,-0.083515921,-0.12223216
0,0.4919499106,-0.084061343,-0.12114889
0,0.4937388193,-0.08460473,-0.12005237
0,0.4955277281,-0.085146025,-0.11894289
0,0.4973166369,-0.08568517,-0.11782075
0,0.4991055456,-0.086222108,-0.11668623
0,0.5008944544,-0.086756782,-0.11553963
0,0.5026833631,-0.087295871,-0.1143905
0,0.5044722719,-0.087831268,-0.1132281
0,0.5062611807,-0.088363017,-0.11205371
0,0.5080500894,-0.088891165,-0.11086858
0,0.5098389982,-0.089415756,-0.10967397
0,0.511627907,-0.089936835,-0.10847115
0,0.5134168157,-0.090454448,-0.10726137
0,0.5152057245,-0.090968641,-0.1060459
0,0.5169946333,-0.091479458,-0.10482599
0,0.518783542,-0.091986944,-0.10360292
0,0.5205724508,-0.092491146,-0.10237793
0,0.5223613596,-0.092992108,-0.10115229
0,0.5241502683,-0.093489876,-0.099927264
0,0.5259391771,-0.093984494,-0.098704109
0,0.5277280859,-0.094476009,-0.097484086
0,0.5295169946,-0.094964465,-0.096268457
0,0.5313059034,-0.095449908,-0.095058482
0,0.5330948122,-0.095932383,-0.093855422
0,0.5348837209,-0.096411935,-0.092660539
0,0.5366726297,-0.09688861,-0.091475093
0,0.5384615385,-0.097361993,-0.090300329
0,0.5402504472,-0.097832033,-0.08913663
0,0.542039356,-0.098298679,-0.087984377
0,0.5438282648,-0.09876188,-0.086843954
0,0.5456171735,-0.099221586,-0.085715743
0,0.5474060823,-0.099677745,-0.084600126
0,0.5491949911,-0.10013031,-0.083497487
0,0.5509838998,-0.10057922,-0.082408207
0,0.5527728086,-0.10102443,-0.08133267
0,0.5545617174,-0.10146589,-0.080271257
0,0.5563506261,-0.10190356,-0.079224352
0,0.5581395349,-0.10233737,-0.078192337
0,0.5599284436,-0.10276727,-0.077175594
0,0.5617173524,-0.10319322,-0.076174506
0,0.5635062612,-0.10361517,-0.075189456
0,0.5652951699,-0.10403306,-0.074220826
0,0.5670840787,-0.10444684,-0.073268999
0,0.5688729875,-0.10485647,-0.072334357
0,0.5706618962,-0.10526188,-0.071417283
0,0.572450805,-0.10566304,-0.07051816
0,0.5742397138,-0.10605992,-0.06963749
0,0.5760286225,-0.1064525,-0.068775538
0,0.5778175313,-0.10684077,-0.067932566
0,0.5796064401,-0.10722472,-0.067108838
0,0.5813953488,-0.10760433,-0.066304617
0,0.5831842576,-0.10797959,-0.065520167
0,0.5849731664,-0.10835048,-0.064755749
0,0.5867620751,-0.10871699,-0.064011628
0,0.5885509839,-0.1090791,-0.063288068
0,0.5903398927,-0.10943681,-0.06258533
0,0.5921288014,-0.10979009,-0.061903678
0,0.5939177102,-0.11013893,-0.061243376
0,0.595706619,-0.11048331,-0.060604687
0,0.5974955277,-0.11082323,-0.059987874
0,0.5992844365,-0.11115867,-0.0593932
0,0.6010733453,-0.11148961,-0.058820928
0,0.602862254,-0.11181604,-0.058271322
0,0.6046511628,-0.11213794,-0.057744645
0,0.6064400716,-0.1124553,-0.05724116
0,0.6082289803,-0.11276811,-0.05676113
0,0.6100178891,-0.11307627,-0.056305017
0,0.6118067979,-0.11337986,-0.055872826
0,0.6135957066,-0.11367896,-0.055464557
0,0.6153846154,-0.11397362,-0.055080214
0,0.6171735242,-0.11426394,-0.054719801
0,0.6189624329,-0.11454997,-0.054383319
0,0.6207513417,-0.11483179,-0.054070772
0,0.6225402504,-0.11510948,-0.053782163
0,0.6243291592,-0.11538311,-0.053517494
0,0.626118068,-0.11565274,-0.053276769
0,0.6279069767,-0.11591846,-0.053059989
0,0.6296958855,-0.11618034,-0.052867159
0,0.6314847943,-0.11643844,-0.052698281
0,0.633273703,-0.11669284,-0.052553358
0,0.6350626118,-0.11694361,-0.052432392
0,0.6368515206,-0.11719083,-0.052335387
0,0.6386404293,-0.11743457,-0.052262345
0,0.6404293381,-0.1176749,-0.05221327
0,0.6422182469,-0.1179119,-0.052188164
0,0.6440071556,-0.11814563,-0.05218703
0,0.6457960644,-0.1183762,-0.052209955
0,0.6475849732,-0.11860365,-0.052256816
0,0.6493738819,-0.11882803,-0.052327488
0,0.6511627907,-0.11904941,-0.052421848
0,0.6529516995,-0.11926783,-0.052539771
0,0.6547406082,-0.11948334,-0.052681134
0,0.656529517,-0.119696,-0.052845812
0,0.6583184258,-0.11990586,-0.053033682
0,0.6601073345,-0.12011297,-0.05324462
0,0.6618962433,-0.12031738,-0.053478501
0,0.6636851521,-0.12051914,-0.053735201
0,0.6654740608,-0.12071831,-0.054014598
0,0.6672629696,-0.12091494,-0.054316566
0,0.6690518784,-0.12110909,-0.054640981
0,0.6708407871,-0.12130079,-0.05498772
0,0.6726296959,-0.12149011,-0.055356659
0,0.6744186047,-0.1216771,-0.055747674
0,0.6762075134,-0.1218618,-0.05616064
0,0.6779964222,-0.12204428,-0.056595434
0,0.6797853309,-0.12222458,-0.057051932
0,0.6815742397,-0.1224079,-0.057480445
0,0.6833631485,-0.12258814,-0.057940068
0,0.6851520572,-0.12276536,-0.058429854
0,0.686940966,-0.12293963,-0.058948854
0,0.6887298748,-0.12311102,-0.059496124
0,0.6905187835,-0.12327959,-0.060070714
0,0.6923076923,-0.12344539,-0.060671679
0,0.6940966011,-0.12360851,-0.061298071
0,0.6958855098,-0.123769,-0.061948944
0,0.6976744186,-0.12392692,-0.062623349
0,0.6994633274,-0.12408234,-0.063320341
0,0.7012522361,-0.12423533,-0.064038972
0,0.7030411449,-0.12438595,-0.064778294
0,0.7048300537,-0.12453426,-0.065537362
0,0.7066189624,-0.12468032,-0.066315228
0,0.7084078712,-0.12482422,-0.067110945
0,0.71019678,-0.12496599,-0.067923565
0,0.7119856887,-0.12510572,-0.068752142
0,0.7137745975,-0.12524346,-0.069595729
0,0.7155635063,-0.12537928,-0.070453379
0,0.717352415,-0.12551296,-0.071327508
0,0.7191413238,-0.12564441,-0.0722179
0,0.7209302326,-0.12577354,-0.073124342
0,0.7227191413,-0.12590027,-0.074046617
0,0.7245080501,-0.12602452,-0.07498451
0,0.7262969589,-0.1261462,-0.075937806
0,0.7280858676,-0.12626524,-0.076906291
0,0.7298747764,-0.12638154,-0.077889749
0,0.7316636852,-0.12649503,-0.078887964
0,0.7334525939,-0.12660561,-0.079900722
0,0.7352415027,-0.12671321,-0.080927808
0,0.7370304114,-0.12681774,-0.081969006
0,0.7388193202,-0.12691912,-0.083024101
0,0.740608229,-0.12701726,-0.084092878
0,0.7423971377,-0.12711208,-0.085175122
0,0.7441860465,-0.1272035,-0.086270618
0,0.7459749553,-0.12729143,-0.087379151
0,0.747763864,-0.12737579,-0.088500505
0,0.7495527728,-0.1274565,-0.089634466
0,0.7513416816,-0.12753346,-0.090780817
0,0.7531305903,-0.12760667,-0.091939638
0,0.7549194991,-0.127676,-0.093109807
0,0.7567084079,-0.12774135,-0.094290208
0,0.7584973166,-0.12780261,-0.09547972
0,0.7602862254,-0.12785965,-0.096677225
0,0.7620751342,-0.12791236,-0.097881604
0,0.7638640429,-0.12796064,-0.099091738
0,0.7656529517,-0.12800437,-0.10030651
0,0.7674418605,-0.12804343,-0.10152479
0,0.7692307692,-0.12807772,-0.10274548
0,0.771019678,-0.12810711,-0.10396744
0,0.7728085868,-0.12813151,-0.10518957
0,0.7745974955,-0.12815078,-0.10641073
0,0.7763864043,-0.12816483,-0.10762982
0,0.7781753131,-0.12817353,-0.10884571
0,0.7799642218,-0.12817678,-0.11005729
0,0.7817531306,-0.12817446,-0.11126343
0,0.7835420394,-0.12816645,-0.11246301
0,0.7853309481,-0.12815265,-0.11365493
0,0.7871198569,-0.12813295,-0.11483805
0,0.7889087657,-0.12810721,-0.11601066
0,0.7906976744,-0.12807534,-0.11717237
0,0.7924865832,-0.1280372,-0.11832277
0,0.7942754919,-0.12799268,-0.11946147
0,0.7960644007,-0.12794166,-0.12058808
0,0.7978533095,-0.12788402,-0.1217022
0,0.7996422182,-0.12781964,-0.12280342
0,0.801431127,-0.12774841,-0.12389136
0,0.8032200358,-0.1276702,-0.12496563
0,0.8050089445,-0.1275849,-0.12602581
0,0.8067978533,-0.12749239,-0.12707152
0,0.8085867621,-0.12739254,-0.12810236
0,0.8103756708,-0.12728524,-0.12911793
0,0.8121645796,-0.12717038,-0.13011784
0,0.8139534884,-0.12704782,-0.13110169
0,0.8157423971,-0.12691746,-0.13206909
0,0.8175313059,-0.12677918,-0.13301963
0,0.8193202147,-0.12663285,-0.13395293
0,0.8211091234,-0.12647835,-0.13486858
0,0.8228980322,-0.12631558,-0.13576619
0,0.824686941,-0.12614437,-0.13664531
0,0.8264758497,-0.12596466,-0.13750568
0,0.8282647585,-0.12577634,-0.13834704
0,0.8300536673,-0.12557933,-0.13916913
0,0.831842576,-0.12537355,-0.1399717
0,0.8336314848,-0.12515889,-0.14075449
0,0.8354203936,-0.12493528,-0.14151723
0,0.8372093023,-0.12470262,-0.14225969
0,0.8389982111,-0.12446082,-0.14298158
0,0.8407871199,-0.12420981,-0.14368266
0,0.8425760286,-0.12394948,-0.14436268
0,0.8443649374,-0.12367975,-0.14502136
0,0.8461538462,-0.12340053,-0.14565846
0,0.8479427549,-0.12311173,-0.14627371
0,0.8497316637,-0.12281326,-0.14686686
0,0.8515205725,-0.12250504,-0.14743765
0,0.8533094812,-0.12218697,-0.14798582
0,0.85509839,-0.12185897,-0.14851112
0,0.8568872987,-0.12152095,-0.14901329
0,0.8586762075,-0.12117282,-0.14949206
0,0.8604651163,-0.12084025,-0.15000807
0,0.862254025,-0.12049237,-0.15048831
0,0.8640429338,-0.12012961,-0.15093369
0,0.8658318426,-0.11975239,-0.15134514
0,0.8676207513,-0.11936113,-0.15172357
0,0.8694096601,-0.11895626,-0.15206989
0,0.8711985689,-0.1185382,-0.15238502
0,0.8729874776,-0.11810738,-0.15266987
0,0.8747763864,-0.1176642,-0.15292535
0,0.8765652952,-0.11720911,-0.15315239
0,0.8783542039,-0.11674251,-0.1533519
0,0.8801431127,-0.11626484,-0.15352479
0,0.8819320215,-0.11577651,-0.15367197
0,0.8837209302,-0.11527796,-0.15379436
0,0.885509839,-0.11476959,-0.15389289
0,0.8872987478,-0.11425184,-0.15396845
0,0.8890876565,-0.11372512,-0.15402197
0,0.8908765653,-0.11318986,-0.15405436
0,0.8926654741,-0.11264649,-0.15406653
0,0.8944543828,-0.11209542,-0.15405941
0,0.8962432916,-0.11153534,-0.15402977
0,0.8980322004,-0.11096628,-0.15397763
0,0.8998211091,-0.11038827,-0.15390302
0,0.9016100179,-0.10980134,-0.15380594
0,0.9033989267,-0.10920552,-0.15368642
0,0.9051878354,-0.10860085,-0.15354447
0,0.9069767442,-0.10798734,-0.15338011
0,0.908765653,-0.10736504,-0.15319337
0,0.9105545617,-0.10673396,-0.15298425
0,0.9123434705,-0.10609415,-0.15275278
0,0.9141323792,-0.10544563,-0.15249897
0,0.915921288,-0.10478843,-0.15222284
0,0.9177101968,-0.10412258,-0.15192441
0,0.9194991055,-0.10344811,-0.1516037
0,0.9212880143,-0.10276506,-0.15126072
0,0.9230769231,-0.10207344,-0.1508955
0,0.9248658318,-0.1013733,-0.15050805
0,0.9266547406,-0.10066465,-0.15009838
0,0.9284436494,-0.099947542,-0.14966652
0,0.9302325581,-0.099221991,-0.14921249
0,0.9320214669,-0.098488215,-0.14873668
0,0.9338103757,-0.097746299,-0.14823931
0,0.9355992844,-0.096996328,-0.14772059
0,0.9373881932,-0.096238388,-0.14718073
0,0.939177102,-0.095472563,-0.14661995
0,0.9409660107,-0.094698939,-0.14603845
0,0.9427549195,-0.093917602,-0.14543645
0,0.9445438283,-0.093128637,-0.14481416
0,0.946332737,-0.092332129,-0.14417179
0,0.9481216458,-0.091528163,-0.14350956
0,0.9499105546,-0.090716826,-0.14282767
0,0.9516994633,-0.089898201,-0.14212634
0,0.9534883721,-0.089072375,-0.14140578
0,0.9552772809,-0.088239433,-0.14066621
0,0.9570661896,-0.087399461,-0.13990783
0,0.9588550984,-0.086552542,-0.13913085
0,0.9606440072,-0.085698764,-0.1383355
0,0.9624329159,-0.084838211,-0.13752197
0,0.9642218247,-0.083970969,-0.13669049
0,0.9660107335,-0.083097123,-0.13584126
0,0.9677996422,-0.082216727,-0.13497439
0,0.969588551,-0.081329876,-0.13409015
0,0.9713774597,-0.08043666,-0.13318885
0,0.9731663685,-0.079537173,-0.13227077
0,0.9749552773,-0.078631508,-0.13133622
0,0.976744186,-0.077719757,-0.13038547
0,0.9785330948,-0.076802012,-0.12941884
0,0.9803220036,-0.075878366,-0.1284366
0,0.9821109123,-0.074948911,-0.12743906
0,0.9838998211,-0.074013741,-0.1264265
0,0.9856887299,-0.073072947,-0.12539922
0,0.9874776386,-0.072126623,-0.12435752
0,0.9892665474,-0.07117486,-0.12330167
0,0.9910554562,-0.070217752,-0.12223199
0,0.9928443649,-0.069255391,-0.12114876
0,0.9946332737,-0.068287869,-0.12005227
0,0.9964221825,-0.067315279,-0.11894281
0,0.9982110912,-0.066337714,-0.11782069
0,1,-0.065355266,-0.11668619
1,0,-0.090780639,-0.11508911
1,0.001788908766,-0.089665329,-0.11396238
1,0.003577817531,-0.088548722,-0.11282423
1,0.005366726297,-0.08743113,-0.11167577
1,0.007155635063,-0.086312869,-0.11051813
1,0.008944543828,-0.08519425,-0.10935242
1,0.01073345259,-0.084075589,-0.10817976
1,0.01252236136,-0.082957198,-0.10700128
1,0.01431127013,-0.081839391,-0.1058181
1,0.01610017889,-0.080722481,-0.10463133
1,0.01788908766,-0.079606783,-0.10344209
1,0.01967799642,-0.07849261,-0.1022515
1,0.02146690519,-0.077380275,-0.1010607
1,0.02325581395,-0.076270093,-0.09987078
1,0.02504472272,-0.075162376,-0.098682878
1,0.02683363148,-0.074057438,-0.09749811
1,0.02862254025,-0.072955593,-0.096317596
1,0.03041144902,-0.071857155,-0.095142456
1,0.03220035778,-0.070762437,-0.093973809
1,0.03398926655,-0.069671752,-0.092812777
1,0.03577817531,-0.068585415,-0.091660478
1,0.03756708408,-0.067503809,-0.090518694
1,0.03935599284,-0.066427191,-0.08938781
1,0.04114490161,-0.065355819,-0.08826821
1,0.04293381038,-0.064289948,-0.087160276
1,0.04472271914,-0.063229837,-0.086064393
1,0.04651162791,-0.062175742,-0.084980945
1,0.04830053667,-0.06112792,-0.083910315
1,0.05008944544,-0.060086629,-0.082852886
1,0.0518783542,-0.059052125,-0.081809043
1,0.05366726297,-0.058024665,-0.08077917
1,0.05545617174,-0.057004507,-0.07976365
1,0.0572450805,-0.055991907,-0.078762866
1,0.05903398927,-0.054987122,-0.077777203
1,0.06082289803,-0.053990409,-0.076807044
1,0.0626118068,-0.053002026,-0.075852773
1,0.06440071556,-0.052022229,-0.074914774
1,0.06618962433,-0.051051276,-0.073993431
1,0.06797853309,-0.050089423,-0.073089126
1,0.06976744186,-0.049136928,-0.072202245
1,0.07155635063,-0.048194047,-0.07133317
1,0.07334525939,-0.04726111,-0.070482335
1,0.07513416816,-0.046338275,-0.069649983
1,0.07692307692,-0.045425701,-0.068836358
1,0.07871198569,-0.044523547,-0.068041701
1,0.08050089445,-0.04363197,-0.067266257
1,0.08228980322,-0.042751128,-0.066510269
1,0.08407871199,-0.041881181,-0.065773979
1,0.08586762075,-0.041022287,-0.065057631
1,0.08765652952,-0.040174603,-0.064361468
1,0.08944543828,-0.039338289,-0.063685732
1,0.09123434705,-0.038513502,-0.063030668
1,0.09302325581,-0.037700401,-0.062396517
1,0.09481216458,-0.036899144,-0.061783524
1,0.09660107335,-0.03610989,-0.061191931
1,0.09838998211,-0.035332797,-0.060621981
1,0.1001788909,-0.034568023,-0.060073918
1,0.1019677996,-0.033815727,-0.059547984
1,0.1037567084,-0.033076067,-0.059044423
1,0.1055456172,-0.032349201,-0.058563477
1,0.1073345259,-0.031635288,-0.058105391
1,0.1091234347,-0.03093456,-0.057670616
1,0.1109123435,-0.030247076,-0.057259135
1,0.1127012522,-0.029572895,-0.056870926
1,0.114490161,-0.028912074,-0.056505971
1,0.1162790698,-0.028264674,-0.05616425
1,0.1180679785,-0.027630751,-0.055845743
1,0.1198568873,-0.027010365,-0.055550429
1,0.1216457961,-0.026403575,-0.055278291
1,0.1234347048,-0.025810439,-0.055029307
1,0.1252236136,-0.025231015,-0.054803459
1,0.1270125224,-0.024665362,-0.054600726
1,0.1288014311,-0.024113539,-0.054421089
1,0.1305903399,-0.023575604,-0.054264529
1,0.1323792487,-0.023051615,-0.054131025
1,0.1341681574,-0.022541632,-0.054020557
1,0.1359570662,-0.022045713,-0.053933107
1,0.137745975,-0.021563917,-0.053868654
1,0.1395348837,-0.021096301,-0.053827179
1,0.1413237925,-0.020642925,-0.053808663
1,0.1431127013,-0.020203847,-0.053813084
1,0.14490161,-0.019779196,-0.053840478
1,0.1466905188,-0.019368936,-0.053890734
1,0.1484794275,-0.01897303,-0.053963742
1,0.1502683363,-0.018591441,-0.054059393
1,0.1520572451,-0.018224133,-0.054177575
1,0.1538461538,-0.017871069,-0.05431818
1,0.1556350626,-0.017532213,-0.054481097
1,0.1574239714,-0.017207527,-0.054666216
1,0.1592128801,-0.016896976,-0.054873427
1,0.1610017889,-0.016600522,-0.05510262
1,0.1627906977,-0.01631813,-0.055353685
1,0.1645796064,-0.016049762,-0.055626513
1,0.1663685152,-0.015795382,-0.055920992
1,0.168157424,-0.015554953,-0.056237013
1,0.1699463327,-0.015328439,-0.056574467
1,0.1717352415,-0.015115802,-0.056933242
1,0.1735241503,-0.014917008,-0.057313229
1,0.175313059,-0.014732018,-0.057714318
1,0.1771019678,-0.014560796,-0.058136399
1,0.1788908766,-0.014403307,-0.058579362
1,0.1806797853,-0.014259562,-0.059043157
1,0.1824686941,-0.014129455,-0.059527595
1,0.1842576029,-0.014012882,-0.060032485
1,0.1860465116,-0.013909736,-0.060557638
1,0.1878354204,-0.013819911,-0.061102865
1,0.1896243292,-0.013743302,-0.061667976
1,0.1914132379,-0.013679801,-0.06225278
1,0.1932021467,-0.013629305,-0.06285709
1,0.1949910555,-0.013591705,-0.063480714
1,0.1967799642,-0.013566897,-0.064123463
1,0.198568873,-0.013554775,-0.064785148
1,0.2003577818,-0.013555232,-0.065465579
1,0.2021466905,-0.013568164,-0.066164566
1,0.2039355993,-0.013593463,-0.066881919
1,0.2057245081,-0.013631024,-0.06761745
1,0.2075134168,-0.013680741,-0.068370968
1,0.2093023256,-0.013742508,-0.069142283
1,0.2110912343,-0.01381622,-0.069931207
1,0.2128801431,-0.013901769,-0.070737549
1,0.2146690519,-0.013999051,-0.07156112
1,0.2164579606,-0.014107995,-0.072401787
1,0.2182468694,-0.014228445,-0.073259283
1,0.2200357782,-0.014360248,-0.074133341
1,0.2218246869,-0.014503247,-0.075023695
1,0.2236135957,-0.014657289,-0.075930077
1,0.2254025045,-0.014822218,-0.07685222
1,0.2271914132,-0.01499788,-0.077789857
1,0.228980322,-0.01518412,-0.078742721
1,0.2307692308,-0.015380782,-0.079710546
1,0.2325581395,-0.015587713,-0.080693063
1,0.2343470483,-0.015804758,-0.081690006
1,0.2361359571,-0.016031761,-0.082701108
1,0.2379248658,-0.016268567,-0.083726102
1,0.2397137746,-0.016515023,-0.084764721
1,0.2415026834,-0.016770972,-0.085816698
1,0.2432915921,-0.017036261,-0.086881766
1,0.2450805009,-0.017310734,-0.087959657
1,0.2468694097,-0.017594237,-0.089050105
1,0.2486583184,-0.017886614,-0.090152843
1,0.2504472272,-0.018187712,-0.091267603
1,0.252236136,-0.018479746,-0.092385004
1,0.2540250447,-0.018783624,-0.093515639
1,0.2558139535,-0.019098888,-0.094658244
1,0.2576028623,-0.019425082,-0.095811556
1,0.259391771,-0.019761751,-0.09697431
1,0.2611806798,-0.020108437,-0.098145244
1,0.2629695886,-0.020464685,-0.099323094
1,0.2647584973,-0.020830038,-0.1005066
1,0.2665474061,-0.02120404,-0.10169449
1,0.2683363148,-0.021586235,-0.1028855
1,0.2701252236,-0.021976167,-0.10407838
1,0.2719141324,-0.022373379,-0.10527186
1,0.2737030411,-0.022777414,-0.10646467
1,0.2754919499,-0.023187818,-0.10765555
1,0.2772808587,-0.023604133,-0.10884324
1,0.2790697674,-0.024025903,-0.11002647
1,0.2808586762,-0.024452672,-0.11120399
1,0.282647585,-0.024883983,-0.11237452
1,0.2844364937,-0.025319381,-0.1135368
1,0.2862254025,-0.02575841,-0.11468957
1,0.2880143113,-0.026201684,-0.11583156
1,0.28980322,-0.026649162,-0.1169624
1,0.2915921288,-0.027100798,-0.11808173
1,0.2933810376,-0.02755655,-0.11918917
1,0.2951699463,-0.028016373,-0.12028436
1,0.2969588551,-0.028480223,-0.12136694
1,0.2987477639,-0.028948056,-0.12243654
1,0.3005366726,-0.02941983,-0.12349279
1,0.3023255814,-0.029895499,-0.12453533
1,0.3041144902,-0.03037502,-0.1255638
1,0.3059033989,-0.03085835,-0.12657782
1,0.3076923077,-0.031345443,-0.12757702
1,0.3094812165,-0.031836257,-0.12856105
1,0.3112701252,-0.032330748,-0.12952954
1,0.313059034,-0.032828871,-0.13048212
1,0.3148479428,-0.033330584,-0.13141843
1,0.3166368515,-0.033835841,-0.13233809
1,0.3184257603,-0.0343446,-0.13324075
1,0.3202146691,-0.034856816,-0.13412603
1,0.3220035778,-0.035372446,-0.13499357
1,0.3237924866,-0.0358846,-0.13589282
1,0.3255813953,-0.036401242,-0.13676386
1,0.3273703041,-0.036922205,-0.1376072
1,0.3291592129,-0.037447326,-0.13842336
1,0.3309481216,-0.037976439,-0.13921282
1,0.3327370304,-0.03850938,-0.13997612
1,0.3345259392,-0.039045985,-0.14071374
1,0.3363148479,-0.039586089,-0.14142621
1,0.3381037567,-0.040129527,-0.14211402
1,0.3398926655,-0.040676134,-0.14277768
1,0.3416815742,-0.041225747,-0.14341771
1,0.343470483,-0.041778199,-0.1440346
1,0.3452593918,-0.042333328,-0.14462887
1,0.3470483005,-0.042890968,-0.14520103
1,0.3488372093,-0.043450954,-0.14575157
1,0.3506261181,-0.044013122,-0.14628102
1,0.3524150268,-0.044577307,-0.14678987
1,0.3542039356,-0.045143346,-0.14727863
1,0.3559928444,-0.045711072,-0.14774781
1,0.3577817531,-0.046280321,-0.14819792
1,0.3595706619,-0.046851381,-0.14862596
1,0.3613595707,-0.047424212,-0.14903186
1,0.3631484794,-0.047998773,-0.14941555
1,0.3649373882,-0.048575026,-0.14977698
1,0.366726297,-0.049152932,-0.15011608
1,0.3685152057,-0.049732449,-0.15043278
1,0.3703041145,-0.050313539,-0.15072704
1,0.3720930233,-0.050896163,-0.15099877
1,0.373881932,-0.05148028,-0.15124792
1,0.3756708408,-0.052065851,-0.15147443
1,0.3774597496,-0.052652836,-0.15167823
1,0.3792486583,-0.053241197,-0.15185926
1,0.3810375671,-0.053830893,-0.15201746
1,0.3828264758,-0.054421884,-0.15215275
1,0.3846153846,-0.055014131,-0.15226509
1,0.3864042934,-0.055607595,-0.15235441
1,0.3881932021,-0.056202236,-0.15242063
1,0.3899821109,-0.056798014,-0.15246371
1,0.3917710197,-0.05739489,-0.15248358
1,0.3935599284,-0.057992824,-0.15248017
1,0.3953488372,-0.058591725,-0.15245373
1,0.397137746,-0.059191544,-0.15240437
1,0.3989266547,-0.05979223,-0.15233222
1,0.4007155635,-0.060393734,-0.15223739
1,0.4025044723,-0.060996006,-0.15212
1,0.404293381,-0.061598997,-0.15198016
1,0.4060822898,-0.062202657,-0.151818
1,0.4078711986,-0.062806937,-0.15163362
1,0.4096601073,-0.063411786,-0.15142715
1,0.4114490161,-0.064017155,-0.1511987
1,0.4132379249,-0.064622995,-0.1509484
1,0.4150268336,-0.065229255,-0.15067635
1,0.4168157424,-0.065835887,-0.15038267
1,0.4186046512,-0.06644284,-0.15006749
1,0.4203935599,-0.067050066,-0.14973092
1,0.4221824687,-0.067657513,-0.14937307
1,0.4239713775,-0.068265133,-0.14899406
1,0.4257602862,-0.068872876,-0.14859402
1,0.427549195,-0.069480692,-0.14817305
1,0.4293381038,-0.070088532,-0.14773127
1,0.4311270125,-0.070696355,-0.1472687
1,0.4329159213,-0.071304108,-0.14678554
1,0.4347048301,-0.07191174,-0.14628196
1,0.4364937388,-0.072519196,-0.14575814
1,0.4382826476,-0.073126424,-0.14521429
1,0.4400715564,-0.073733372,-0.14465059
1,0.4418604651,-0.074339985,-0.14406721
1,0.4436493739,-0.074946213,-0.14346435
1,0.4454382826,-0.075552001,-0.14284221
1,0.4472271914,-0.076157298,-0.14220095
1,0.4490161002,-0.07676205,-0.14154077
1,0.4508050089,-0.077366204,-0.14086186
1,0.4525939177,-0.077969707,-0.14016441
1,0.4543828265,-0.078572508,-0.13944859
1,0.4561717352,-0.079174552,-0.1387146
1,0.457960644,-0.079775788,-0.13796263
1,0.4597495528,-0.080376162,-0.13719285
1,0.4615384615,-0.080975622,-0.13640547
1,0.4633273703,-0.081574114,-0.13560066
1,0.4651162791,-0.082171587,-0.13477861
1,0.4669051878,-0.082767991,-0.13393946
1,0.4686940966,-0.083363267,-0.13308347
1,0.4704830054,-0.083957355,-0.1322109
1,0.4722719141,-0.084550195,-0.13132202
1,0.4740608229,-0.085141726,-0.13041709
1,0.4758497317,-0.085731887,-0.12949637
1,0.4776386404,-0.08632062,-0.12856012
1,0.4794275492,-0.086907863,-0.1276086
1,0.481216458,-0.087493556,-0.12664209
1,0.4830053667,-0.08807764,-0.12566083
1,0.4847942755,-0.088660054,-0.12466509
1,0.4865831843,-0.089240737,-0.12365514
1,0.488372093,-0.08981963,-0.12263124
1,0.4901610018,-0.090396673,-0.12159365
1,0.4919499106,-0.090971804,-0.12054263
1,0.4937388193,-0.091544965,-0.11947845
1,0.4955277281,-0.092116094,-0.11840136
1,0.4973166369,-0.092685131,-0.11731163
1,0.4991055456,-0.093252017,-0.11620952
1,0.5008944544,-0.093816691,-0.1150953
1,0.5026833631,-0.094385792,-0.11397856
1,0.5044722719,-0.094951254,-0.11284845
1,0.5062611807,-0.095513116,-0.11170622
1,0.5080500894,-0.09607142,-0.11055315
1,0.5098389982,-0.096626205,-0.10939052
1,0.511627907,-0.097177511,-0.10821959
1,0.5134168157,-0.097725378,-0.10704162
1,0.5152057245,-0.098269847,-0.1058579
1,0.5169946333,-0.098810957,-0.1046697
1,0.518783542,-0.099348749,-0.10347827
1,0.5205724508,-0.099883262,-0.1022849
1,0.5223613596,-0.10041454,-0.10109085
1,0.5241502683,-0.10094261,-0.099897394
1,0.5259391771,-0.10146753,-0.098705801
1,0.5277280859,-0.10198933,-0.097517343
1,0.5295169946,-0.10250806,-0.09633329
1,0.5313059034,-0.10302374,-0.095154911
1,0.5330948122,-0.10353643,-0.093983477
1,0.5348837209,-0.10404616,-0.092820258
1,0.5366726297,-0.10455297,-0.091666525
1,0.5384615385,-0.10505645,-0.090523544
1,0.5402504472,-0.10555653,-0.089391684
1,0.542039356,-0.10605317,-0.08827131
1,0.5438282648,-0.10654631,-0.087162789
1,0.5456171735,-0.1070359,-0.08606649
1,0.5474060823,-0.10752187,-0.084982777
1,0.5491949911,-0.10800417,-0.083912019
1,0.5509838998,-0.10848275,-0.082854583
1,0.5527728086,-0.10895755,-0.081810834
1,0.5545617174,-0.10942852,-0.08078114
1,0.5563506261,-0.1098956,-0.079765869
1,0.5581395349,-0.11035873,-0.078765386
1,0.5599284436,-0.11081786,-0.07778006
1,0.5617173524,-0.11127294,-0.076810256
1,0.5635062612,-0.1117239,-0.075856341
1,0.5652951699,-0.1121707,-0.074918683
1,0.5670840787,-0.11261328,-0.073997649
1,0.5688729875,-0.11305158,-0.073093605
1,0.5706618962,-0.11348555,-0.072206919
1,0.572450805,-0.11391513,-0.071337956
1,0.5742397138,-0.11434029,-0.070487207
1,0.5760286225,-0.11476102,-0.069654916
1,0.5778175313,-0.1151773,-0.068841329
1,0.5796064401,-0.11558911,-0.06804669
1,0.5813953488,-0.11599644,-0.067271244
1,0.5831842576,-0.11639926,-0.066515236
1,0.5849731664,-0.11679756,-0.065778911
1,0.5867620751,-0.11719133,-0.065062514
1,0.5885509839,-0.11758053,-0.06436629
1,0.5903398927,-0.11796516,-0.063690484
1,0.5921288014,-0.1183452,-0.06303534
1,0.5939177102,-0.11872063,-0.062401105
1,0.595706619,-0.11909142,-0.061788022
1,0.5974955277,-0.11945758,-0.061196337
1,0.5992844365,-0.11981906,-0.060626295
1,0.6010733453,-0.12017587,-0.060078141
1,0.602862254,-0.12052798,-0.059552119
1,0.6046511628,-0.12087536,-0.059048474
1,0.6064400716,-0.12121802,-0.058567452
1,0.6082289803,-0.12155592,-0.058109298
1,0.6100178891,-0.12188897,-0.057674458
1,0.6118067979,-0.12221725,-0.057262914
1,0.6135957066,-0.12254082,-0.056874645
1,0.6153846154,-0.12285974,-0.056509631
1,0.6171735242,-0.12317409,-0.056167853
1,0.6189624329,-0.12348393,-0.05584929
1,0.6207513417,-0.12378933,-0.055553923
1,0.6225402504,-0.12409035,-0.055281732
1,0.6243291592,-0.12438707,-0.055032697
1,0.626118068,-0.12467954,-0.054806798
1,0.6279069767,-0.12496784,-0.054604016
1,0.6296958855,-0.12525204,-0.05442433
1,0.6314847943,-0.12553219,-0.05426772
1,0.633273703,-0.12580838,-0.054134168
1,0.6350626118,-0.12608066,-0.054023652
1,0.6368515206,-0.1263491,-0.053936153
1,0.6386404293,-0.12661377,-0.053871651
1,0.6404293381,-0.12687473,-0.053830127
1,0.6422182469,-0.12713206,-0.05381156
1,0.6440071556,-0.12738582,-0.05381593
1,0.6457960644,-0.1276361,-0.053843273
1,0.6475849732,-0.12788295,-0.053893477
1,0.6493738819,-0.12812642,-0.053966434
1,0.6511627907,-0.12836655,-0.054062033
1,0.6529516995,-0.12860339,-0.054180164
1,0.6547406082,-0.12883701,-0.054320717
1,0.656529517,-0.12906743,-0.054483583
1,0.6583184258,-0.12929472,-0.05466865
1,0.6601073345,-0.12951892,-0.05487581
1,0.6618962433,-0.12974008,-0.055104952
1,0.6636851521,-0.12995825,-0.055355966
1,0.6654740608,-0.13017347,-0.055628743
1,0.6672629696,-0.13038581,-0.055923171
1,0.6690518784,-0.1305953,-0.056239142
1,0.6708407871,-0.13080199,-0.056576546
1,0.6726296959,-0.13100595,-0.056935272
1,0.6744186047,-0.1312072,-0.05731521
1,0.6762075134,-0.13140581,-0.05771625
1,0.6779964222,-0.13160181,-0.058138283
1,0.6797853309,-0.13179527,-0.058581198
1,0.6815742397,-0.1319923,-0.058996927
1,0.6833631485,-0.13218568,-0.059442663
1,0.6851520572,-0.13237551,-0.059917495
1,0.686940966,-0.13256185,-0.060420514
1,0.6887298748,-0.13274479,-0.060950809
1,0.6905187835,-0.13292441,-0.061507472
1,0.6923076923,-0.13310079,-0.062089591
1,0.6940966011,-0.13327401,-0.062696257
1,0.6958855098,-0.13344413,-0.06332656
1,0.6976744186,-0.13361126,-0.063979591
1,0.6994633274,-0.13377546,-0.064654438
1,0.7012522361,-0.13393681,-0.065350193
1,0.7030411449,-0.13409539,-0.066065945
1,0.7048300537,-0.13425129,-0.066800784
1,0.7066189624,-0.13440457,-0.067553801
1,0.7084078712,-0.13455533,-0.068324085
1,0.71019678,-0.13470363,-0.069110727
1,0.7119856887,-0.13484956,-0.069912817
1,0.7137745975,-0.1349932,-0.070729444
1,0.7155635063,-0.13513463,-0.071559699
1,0.717352415,-0.13527356,-0.072405914
1,0.7191413238,-0.13540993,-0.073267903
1,0.7209302326,-0.13554364,-0.074145478
1,0.7227191413,-0.13567462,-0.075038453
1,0.7245080501,-0.13580279,-0.075946641
1,0.7262969589,-0.13592807,-0.076869856
1,0.7280858676,-0.13605037,-0.077807911
1,0.7298747764,-0.13616961,-0.07876062
1,0.7316636852,-0.13628572,-0.079727796
1,0.7334525939,-0.13639861,-0.080709252
1,0.7352415027,-0.1365082,-0.081704802
1,0.7370304114,-0.13661441,-0.082714259
1,0.7388193202,-0.13671716,-0.083737437
1,0.740608229,-0.13681636,-0.084774149
1,0.7423971377,-0.13691195,-0.085824207
1,0.7441860465,-0.13700383,-0.086887427
1,0.7459749553,-0.13709193,-0.087963621
1,0.747763864,-0.13717616,-0.089052602
1,0.7495527728,-0.13725644,-0.090154184
1,0.7513416816,-0.1373327,-0.091268181
1,0.7531305903,-0.13740492,-0.092394741
1,0.7549194991,-0.13747299,-0.09353274
1,0.7567084079,-0.13753681,-0.094681053
1,0.7584973166,-0.13759627,-0.095838553
1,0.7602862254,-0.13765127,-0.097004116
1,0.7620751342,-0.13770169,-0.098176616
1,0.7638640429,-0.13774744,-0.099354928
1,0.7656529517,-0.1377884,-0.10053793
1,0.7674418605,-0.13782447,-0.10172449
1,0.7692307692,-0.13785554,-0.10291348
1,0.771019678,-0.13788151,-0.10410379
1,0.7728085868,-0.13790227,-0.10529428
1,0.7745974955,-0.13791771,-0.10648383
1,0.7763864043,-0.13792773,-0.10767131
1,0.7781753131,-0.13793221,-0.10885561
1,0.7799642218,-0.13793106,-0.11003559
1,0.7817531306,-0.13792417,-0.11121012
1,0.7835420394,-0.13791143,-0.11237809
1,0.7853309481,-0.13789273,-0.11353837
1,0.7871198569,-0.13786796,-0.11468983
1,0.7889087657,-0.13783703,-0.11583072
1,0.7906976744,-0.13779981,-0.11696067
1,0.7924865832,-0.13775619,-0.11807929
1,0.7942754919,-0.13770606,-0.1191862
1,0.7960644007,-0.13764932,-0.12028101
1,0.7978533095,-0.13758584,-0.12136336
1,0.7996422182,-0.13751551,-0.12243285
1,0.801431127,-0.13743823,-0.12348911
1,0.8032200358,-0.13735388,-0.12453175
1,0.8050089445,-0.13726234,-0.12556039
1,0.8067978533,-0.13716352,-0.12657465
1,0.8085867621,-0.13705729,-0.12757415
1,0.8103756708,-0.13694354,-0.1285585
1,0.8121645796,-0.13682217,-0.12952733
1,0.8139534884,-0.13669305,-0.13048026
1,0.8157423971,-0.13655608,-0.1314169
1,0.8175313059,-0.13641115,-0.13233686
1,0.8193202147,-0.13625814,-0.13323978
1,0.8211091234,-0.13609694,-0.13412526
1,0.8228980322,-0.13592744,-0.13499293
1,0.824686941,-0.1357495,-0.13584235
1,0.8264758497,-0.13556305,-0.13667328
1,0.8282647585,-0.13536799,-0.13748548
1,0.8300536673,-0.13516425,-0.1382787
1,0.831842576,-0.13495174,-0.13905272
1,0.8336314848,-0.13473038,-0.13980729
1,0.8354203936,-0.13450009,-0.14054216
1,0.8372093023,-0.13426078,-0.14125711
1,0.8389982111,-0.13401238,-0.14195188
1,0.8407871199,-0.13375478,-0.14262625
1,0.8425760286,-0.13348793,-0.14327997
1,0.8443649374,-0.13321173,-0.14391279
1,0.8461538462,-0.13292609,-0.14452449
1,0.8479427549,-0.13263094,-0.14511482
1,0.8497316637,-0.13232619,-0.14568354
1,0.8515205725,-0.13201177,-0.14623041
1,0.8533094812,-0.13168758,-0.1467552
1,0.85509839,-0.13135354,-0.14725765
1,0.8568872987,-0.13100958,-0.14773754
1,0.8586762075,-0.1306556,-0.14819462
1,0.8604651163,-0.13031697,-0.14868784
1,0.862254025,-0.12996321,-0.14914624
1,0.8640429338,-0.12959473,-0.14957074
1,0.8658318426,-0.12921196,-0.14996224
1,0.8676207513,-0.1288153,-0.15032166
1,0.8694096601,-0.12840518,-0.1506499
1,0.8711985689,-0.12798203,-0.15094789
1,0.8729874776,-0.12754624,-0.15121652
1,0.8747763864,-0.12709825,-0.15145672
1,0.8765652952,-0.12663846,-0.15166939
1,0.8783542039,-0.1261673,-0.15185544
1,0.8801431127,-0.12568519,-0.15201579
1,0.8819320215,-0.12519255,-0.15215135
1,0.8837209302,-0.12468978,-0.15226302
1,0.885509839,-0.12417731,-0.15235172
1,0.8872987478,-0.12365556,-0.15241836
1,0.8890876565,-0.12312494,-0.15246385
1,0.8908765653,-0.12258588,-0.15248911
1,0.8926654741,-0.12203879,-0.15249504
1,0.8944543828,-0.12148408,-0.15248255
1,0.8962432916,-0.12092047,-0.15244857
1,0.8980322004,-0.12034798,-0.1523931
1,0.8998211091,-0.11976663,-0.15231616
1,0.9016100179,-0.11917646,-0.15221775
1,0.9033989267,-0.11857751,-0.15209787
1,0.9051878354,-0.11796978,-0.15195654
1,0.9069767442,-0.11735332,-0.15179377
1,0.908765653,-0.11672816,-0.15160957
1,0.9105545617,-0.11609432,-0.15140393
1,0.9123434705,-0.11545183,-0.15117688
1,0.9141323792,-0.11480072,-0.15092842
1,0.915921288,-0.11414102,-0.15065855
1,0.9177101968,-0.11347276,-0.1503673
1,0.9194991055,-0.11279597,-0.15005465
1,0.9212880143,-0.11211068,-0.14972064
1,0.9230769231,-0.11141691,-0.14936525
1,0.9248658318,-0.11071469,-0.1489885
1,0.9266547406,-0.11000406,-0.1485904
1,0.9284436494,-0.10928504,-0.14817096
1,0.9302325581,-0.10855767,-0.14773019
1,0.9320214669,-0.10782214,-0.14726846
1,0.9338103757,-0.10707855,-0.14678597
1,0.9355992844,-0.10632698,-0.14628292
1,0.9373881932,-0.10556751,-0.14575951
1,0.939177102,-0.10480023,-0.14521594
1,0.9409660107,-0.10402522,-0.14465241
1,0.9427549195,-0.10324257,-0.14406911
1,0.9445438283,-0.10245235,-0.14346625
1,0.946332737,-0.10165466,-0.14284402
1,0.9481216458,-0.10084958,-0.14220262
1,0.9499105546,-0.10003719,-0.14154225
1,0.9516994633,-0.09921758,-0.14086311
1,0.9534883721,-0.098390828,-0.1401654
1,0.9552772809,-0.097557022,-0.13944932
1,0.9570661896,-0.096716245,-0.13871506
1,0.9588550984,-0.095868581,-0.13796283
1,0.9606440072,-0.095014115,-0.13719282
1,0.9624329159,-0.094152931,-0.13640524
1,0.9642218247,-0.093285112,-0.13560027
1,0.9660107335,-0.092410744,-0.13477812
1,0.9677996422,-0.091529878,-0.13393889
1,0.969588551,-0.090642608,-0.13308284
1,0.9713774597,-0.089749028,-0.13221023
1,0.9731663685,-0.088849233,-0.13132131
1,0.9749552773,-0.087943315,-0.13041636
1,0.976744186,-0.08703137,-0.12949563
1,0.9785330948,-0.086113491,-0.12855938
1,0.9803220036,-0.085189772,-0.12760787
1,0.9821109123,-0.084260307,-0.12664138
1,0.9838998211,-0.083325189,-0.12566014
1,0.9856887299,-0.082384514,-0.12466444
1,0.9874776386,-0.081438375,-0.12365452
1,0.9892665474,-0.080486865,-0.12263066
1,0.9910554562,-0.07953008,-0.12159311
1,0.9928443649,-0.078568112,-0.12054213
1,0.9946332737,-0.077601056,-0.11947798
1,0.9964221825,-0.076629006,-0.11840092
1,0.9982110912,-0.075652055,-0.11731123
1,1,-0.074670298,-0.11620915
2,0,-0.090365648,-0.1159402
2,0.001788908766,-0.089230204,-0.11476507
2,0.003577817531,-0.088093333,-0.11357871
2,0.005366726297,-0.086955314,-0.11238222
2,0.007155635063,-0.085816424,-0.11117673
2,0.008944543828,-0.084676942,-0.10996333
2,0.01073345259,-0.083537146,-0.10874313
2,0.01252236136,-0.082397316,-0.10751724
2,0.01431127013,-0.081257728,-0.10628678
2,0.01610017889,-0.080118662,-0.10505284
2,0.01788908766,-0.078980397,-0.10381655
2,0.01967799642,-0.077843209,-0.102579
2,0.02146690519,-0.076707379,-0.10134131
2,0.02325581395,-0.075573183,-0.10010458
2,0.02504472272,-0.074440901,-0.098869925
2,0.02683363148,-0.073310811,-0.097638452
2,0.02862254025,-0.072183192,-0.096411269
2,0.03041144902,-0.071058321,-0.095189485
2,0.03220035778,-0.069936477,-0.093974209
2,0.03398926655,-0.068817939,-0.09276655
2,0.03577817531,-0.067702985,-0.091567615
2,0.03756708408,-0.066591956,-0.090379145
2,0.03935599284,-0.065485079,-0.089201544
2,0.04114490161,-0.064382581,-0.088035218
2,0.04293381038,-0.063284691,-0.086880572
2,0.04472271914,-0.062191635,-0.085738011
2,0.04651162791,-0.061103642,-0.08460794
2,0.04830053667,-0.060020937,-0.083490764
2,0.05008944544,-0.058943749,-0.082386887
2,0.0518783542,-0.057872304,-0.081296716
2,0.05366726297,-0.056806831,-0.080220655
2,0.05545617174,-0.055747557,-0.079159109
2,0.0572450805,-0.054694709,-0.078112484
2,0.05903398927,-0.053648514,-0.077081183
2,0.06082289803,-0.0526092,-0.076065613
2,0.0626118068,-0.051576994,-0.075066179
2,0.06440071556,-0.050552123,-0.074083285
2,0.06618962433,-0.049534815,-0.073117336
2,0.06797853309,-0.048525298,-0.072168739
2,0.06976744186,-0.047523798,-0.071237896
2,0.07155635063,-0.046530543,-0.070325215
2,0.07334525939,-0.045545811,-0.069431142
2,0.07513416816,-0.044569759,-0.068555955
2,0.07692307692,-0.043602544,-0.067699929
2,0.07871198569,-0.042644323,-0.066863341
2,0.08050089445,-0.041695253,-0.066046467
2,0.08228980322,-0.040755492,-0.065249583
2,0.08407871199,-0.039825197,-0.064472965
2,0.08586762075,-0.038904525,-0.063716891
2,0.08765652952,-0.037993633,-0.062981635
2,0.08944543828,-0.037092678,-0.062267475
2,0.09123434705,-0.036201818,-0.061574687
2,0.09302325581,-0.035321209,-0.060903546
2,0.09481216458,-0.03445101,-0.06025433
2,0.09660107335,-0.033591376,-0.059627314
2,0.09838998211,-0.032742466,-0.059022775
2,0.1001788909,-0.031904436,-0.058440989
2,0.1019677996,-0.031077443,-0.057882232
2,0.1037567084,-0.030261646,-0.05734678
2,0.1055456172,-0.0294572,-0.056834911
2,0.1073345259,-0.028664263,-0.056346899
2,0.1091234347,-0.027883075,-0.055883227
2,0.1109123435,-0.027113685,-0.055443915
2,0.1127012522,-0.026356145,-0.055028984
2,0.114490161,-0.025610505,-0.054638455
2,0.1162790698,-0.024876817,-0.054272347
2,0.1180679785,-0.024155131,-0.053930683
2,0.1198568873,-0.023445498,-0.053613481
2,0.1216457961,-0.022747969,-0.053320763
2,0.1234347048,-0.022062595,-0.05305255
2,0.1252236136,-0.021389426,-0.052808862
2,0.1270125224,-0.020728513,-0.05258972
2,0.1288014311,-0.020079908,-0.052395144
2,0.1305903399,-0.019443661,-0.052225155
2,0.1323792487,-0.018819822,-0.052079774
2,0.1341681574,-0.018208444,-0.051959021
2,0.1359570662,-0.017609576,-0.051862917
2,0.137745975,-0.017023269,-0.051791482
2,0.1395348837,-0.016449575,-0.051744737
2,0.1413237925,-0.015888543,-0.051722703
2,0.1431127013,-0.015340226,-0.0517254
2,0.14490161,-0.014804728,-0.051752946
2,0.1466905188,-0.014282024,-0.051805218
2,0.1484794275,-0.013772086,-0.051882094
2,0.1502683363,-0.01327489,-0.051983452
2,0.1520572451,-0.012790409,-0.052109168
2,0.1538461538,-0.012318615,-0.052259122
2,0.1556350626,-0.011859484,-0.052433189
2,0.1574239714,-0.011412989,-0.052631249
2,0.1592128801,-0.010979104,-0.052853178
2,0.1610017889,-0.010557802,-0.053098854
2,0.1627906977,-0.010149057,-0.053368155
2,0.1645796064,-0.0097528432,-0.053660958
2,0.1663685152,-0.0093691338,-0.053977141
2,0.168157424,-0.0089979029,-0.054316582
2,0.1699463327,-0.008639124,-0.054679157
2,0.1717352415,-0.008292771,-0.055064746
2,0.1735241503,-0.0079588176,-0.055473225
2,0.175313059,-0.0076372376,-0.055904472
2,0.1771019678,-0.0073280046,-0.056358364
2,0.1788908766,-0.0070310925,-0.05683478
2,0.1806797853,-0.006746513,-0.057333663
2,0.1824686941,-0.0064741869,-0.057854798
2,0.1842576029,-0.0062140349,-0.058397971
2,0.1860465116,-0.0059659779,-0.058962968
2,0.1878354204,-0.0057299367,-0.059549574
2,0.1896243292,-0.005505832,-0.060157576
2,0.1914132379,-0.0052935847,-0.060786758
2,0.1932021467,-0.0050931155,-0.061436906
2,0.1949910555,-0.0049043452,-0.062107806
2,0.1967799642,-0.0047271947,-0.062799243
2,0.198568873,-0.0045615848,-0.063511003
2,0.2003577818,-0.0044074361,-0.064242873
2,0.2021466905,-0.0042646696,-0.064994636
2,0.2039355993,-0.0041332059,-0.065766079
2,0.2057245081,-0.004012966,-0.066556988
2,0.2075134168,-0.0039038706,-0.067367148
2,0.2093023256,-0.0038058405,-0.068196344
2,0.2110912343,-0.0037187964,-0.069044363
2,0.2128801431,-0.0036426593,-0.06991099
2,0.2146690519,-0.0035773498,-0.07079601
2,0.2164579606,-0.0035228115,-0.071699283
2,0.2182468694,-0.003478933,-0.072620496
2,0.2200357782,-0.0034456027,-0.073559338
2,0.2218246869,-0.0034227094,-0.074515496
2,0.2236135957,-0.0034101415,-0.07548866
2,0.2254025045,-0.0034077876,-0.076478517
2,0.2271914132,-0.0034155363,-0.077484755
2,0.228980322,-0.0034332761,-0.078507062
2,0.2307692308,-0.0034608956,-0.079545128
2,0.2325581395,-0.0034982834,-0.080598639
2,0.2343470483,-0.0035453281,-0.081667285
2,0.2361359571,-0.0036019181,-0.082750753
2,0.2379248658,-0.0036679421,-0.083848731
2,0.2397137746,-0.0037432887,-0.084960909
2,0.2415026834,-0.0038278463,-0.086086973
2,0.2432915921,-0.0039215036,-0.087226612
2,0.2450805009,-0.0040241491,-0.088379515
2,0.2468694097,-0.0041356714,-0.089545369
2,0.2486583184,-0.0042559591,-0.090723862
2,0.2504472272,-0.0043849007,-0.091914684
2,0.252236136,-0.0045036361,-0.093108369
2,0.2540250447,-0.0046344557,-0.094315509
2,0.2558139535,-0.0047769552,-0.09553481
2,0.2576028623,-0.0049307302,-0.096764978
2,0.259391771,-0.0050953763,-0.098004718
2,0.2611806798,-0.0052704892,-0.099252735
2,0.2629695886,-0.0054556644,-0.10050774
2,0.2647584973,-0.0056504976,-0.10176842
2,0.2665474061,-0.0058545844,-0.10303351
2,0.2683363148,-0.0060675205,-0.10430169
2,0.2701252236,-0.0062889013,-0.10557168
2,0.2719141324,-0.0065183226,-0.10684218
2,0.2737030411,-0.0067553799,-0.10811189
2,0.2754919499,-0.006999669,-0.10937953
2,0.2772808587,-0.0072507853,-0.11064379
2,0.2790697674,-0.0075083245,-0.11190339
2,0.2808586762,-0.0077718823,-0.11315702
2,0.282647585,-0.0080410542,-0.1144034
2,0.2844364937,-0.0083154358,-0.11564123
2,0.2862254025,-0.0085946229,-0.11686921
2,0.2880143113,-0.008879447,-0.11808603
2,0.28980322,-0.0091698254,-0.11929132
2,0.2915921288,-0.0094656756,-0.12048468
2,0.2933810376,-0.0097669148,-0.12166573
2,0.2951699463,-0.01007346,-0.12283409
2,0.2969588551,-0.01038523,-0.12398938
2,0.2987477639,-0.01070214,-0.12513121
2,0.3005366726,-0.011024109,-0.1262592
2,0.3023255814,-0.011351053,-0.12737297
2,0.3041144902,-0.01168289,-0.12847212
2,0.3059033989,-0.012019538,-0.12955629
2,0.3076923077,-0.012360913,-0.13062509
2,0.3094812165,-0.012706934,-0.13167813
2,0.3112701252,-0.013057517,-0.13271502
2,0.313059034,-0.013412579,-0.1337354
2,0.3148479428,-0.013772039,-0.13473886
2,0.3166368515,-0.014135812,-0.13572504
2,0.3184257603,-0.014503818,-0.13669354
2,0.3202146691,-0.014875972,-0.13764398
2,0.3220035778,-0.015252193,-0.13857599
2,0.3237924866,-0.015624681,-0.13954126
2,0.3255813953,-0.016002379,-0.14047715
2,0.3273703041,-0.016385076,-0.14138416
2,0.3291592129,-0.016772561,-0.14226281
2,0.3309481216,-0.017164622,-0.14311361
2,0.3327370304,-0.017561049,-0.14393707
2,0.3345259392,-0.01796163,-0.1447337
2,0.3363148479,-0.018366154,-0.14550403
2,0.3381037567,-0.01877441,-0.14624855
2,0.3398926655,-0.019186186,-0.14696778
2,0.3416815742,-0.019601272,-0.14766223
2,0.343470483,-0.020019456,-0.14833241
2,0.3452593918,-0.020440527,-0.14897885
2,0.3470483005,-0.020864273,-0.14960204
2,0.3488372093,-0.021290484,-0.1502025
2,0.3506261181,-0.021718949,-0.15078075
2,0.3524150268,-0.022149456,-0.15133729
2,0.3542039356,-0.022581794,-0.15187264
2,0.3559928444,-0.023015751,-0.1523873
2,0.3577817531,-0.023451117,-0.1528818
2,0.3595706619,-0.023888178,-0.15335298
2,0.3613595707,-0.024326877,-0.15380075
2,0.3631484794,-0.02476716,-0.15422499
2,0.3649373882,-0.025208971,-0.1546256
2,0.366726297,-0.025652255,-0.15500248
2,0.3685152057,-0.026096955,-0.15535552
2,0.3703041145,-0.026543016,-0.15568461
2,0.3720930233,-0.026990382,-0.15598966
2,0.373881932,-0.027438999,-0.15627055
2,0.3756708408,-0.027888811,-0.15652718
2,0.3774597496,-0.028339761,-0.15675945
2,0.3792486583,-0.028791795,-0.15696724
2,0.3810375671,-0.029244856,-0.15715046
2,0.3828264758,-0.02969889,-0.15730901
2,0.3846153846,-0.030153841,-0.15744276
2,0.3864042934,-0.030609653,-0.15755163
2,0.3881932021,-0.03106627,-0.1576355
2,0.3899821109,-0.031523637,-0.15769427
2,0.3917710197,-0.031981699,-0.15772783
2,0.3935599284,-0.0324404,-0.15773608
2,0.3953488372,-0.032899618,-0.1577192
2,0.397137746,-0.033359298,-0.15767732
2,0.3989266547,-0.033819383,-0.15761056
2,0.4007155635,-0.034279818,-0.15751906
2,0.4025044723,-0.034740546,-0.15740295
2,0.404293381,-0.035201512,-0.15726236
2,0.4060822898,-0.035662659,-0.15709741
2,0.4078711986,-0.036123932,-0.15690824
2,0.4096601073,-0.036585275,-0.15669498
2,0.4114490161,-0.037046632,-0.15645775
2,0.4132379249,-0.037507947,-0.1561967
2,0.4150268336,-0.037969164,-0.15591193
2,0.4168157424,-0.038430227,-0.1556036
2,0.4186046512,-0.038891079,-0.15527182
2,0.4203935599,-0.039351666,-0.15491673
2,0.4221824687,-0.039811931,-0.15453845
2,0.4239713775,-0.040271819,-0.15413712
2,0.4257602862,-0.040731272,-0.15371287
2,0.427549195,-0.041190236,-0.15326582
2,0.4293381038,-0.041648654,-0.15279611
2,0.4311270125,-0.042106474,-0.15230375
2,0.4329159213,-0.042563645,-0.15178897
2,0.4347048301,-0.04302012,-0.15125197
2,0.4364937388,-0.043475848,-0.15069297
2,0.4382826476,-0.043930781,-0.15011218
2,0.4400715564,-0.044384871,-0.14950983
2,0.4418604651,-0.044838066,-0.14888612
2,0.4436493739,-0.04529032,-0.14824126
2,0.4454382826,-0.045741581,-0.14757549
2,0.4472271914,-0.046191803,-0.146889
2,0.4490161002,-0.046640934,-0.14618201
2,0.4508050089,-0.047088927,-0.14545474
2,0.4525939177,-0.047535732,-0.14470741
2,0.4543828265,-0.0479813,-0.14394022
2,0.4561717352,-0.048425582,-0.14315339
2,0.457960644,-0.048868529,-0.14234714
2,0.4597495528,-0.049310092,-0.14152169
2,0.4615384615,-0.049750222,-0.14067724
2,0.4633273703,-0.05018887,-0.13981401
2,0.4651162791,-0.050625986,-0.13893222
2,0.4669051878,-0.05106152,-0.13803201
2,0.4686940966,-0.051495424,-0.1371137
2,0.4704830054,-0.05192765,-0.1361776
2,0.4722719141,-0.052358151,-0.13522401
2,0.4740608229,-0.052786879,-0.13425325
2,0.4758497317,-0.053213786,-0.13326564
2,0.4776386404,-0.053638824,-0.13226147
2,0.4794275492,-0.054061945,-0.13124107
2,0.481216458,-0.054483102,-0.13020475
2,0.4830053667,-0.054902247,-0.1291528
2,0.4847942755,-0.055319331,-0.12808556
2,0.4865831843,-0.055734308,-0.12700332
2,0.488372093,-0.056147129,-0.1259064
2,0.4901610018,-0.056557746,-0.12479512
2,0.4919499106,-0.056966112,-0.12366977
2,0.4937388193,-0.057372179,-0.12253068
2,0.4955277281,-0.057775899,-0.12137815
2,0.4973166369,-0.058177225,-0.12021249
2,0.4991055456,-0.058576108,-0.11903402
2,0.5008944544,-0.0589725,-0.11784305
2,0.5026833631,-0.059373371,-0.11664947
2,0.5044722719,-0.059770289,-0.11544217
2,0.5062611807,-0.060163315,-0.11422246
2,0.5080500894,-0.060552511,-0.11299164
2,0.5098389982,-0.060937941,-0.11175102
2,0.511627907,-0.061319666,-0.11050189
2,0.5134168157,-0.061697748,-0.10924556
2,0.5152057245,-0.062072251,-0.10798333
2,0.5169946333,-0.062443236,-0.1067165
2,0.518783542,-0.062810765,-0.10544639
2,0.5205724508,-0.063174901,-0.10417429
2,0.5223613596,-0.063535707,-0.1029015
2,0.5241502683,-0.063893244,-0.10162932
2,0.5259391771,-0.064247575,-0.10035907
2,0.5277280859,-0.064598762,-0.099092043
2,0.5295169946,-0.064946867,-0.09782954
2,0.5313059034,-0.065291953,-0.096572866
2,0.5330948122,-0.065634083,-0.095323324
2,0.5348837209,-0.065973317,-0.094082218
2,0.5366726297,-0.06630972,-0.092850849
2,0.5384615385,-0.066642875,-0.09163051
2,0.5402504472,-0.066972744,-0.090421586
2,0.542039356,-0.067299284,-0.089224463
2,0.5438282648,-0.067622457,-0.088039525
2,0.5456171735,-0.067942223,-0.086867159
2,0.5474060823,-0.068258539,-0.085707749
2,0.5491949911,-0.068571368,-0.084561681
2,0.5509838998,-0.068880668,-0.08342934
2,0.5527728086,-0.069186399,-0.082311112
2,0.5545617174,-0.069488521,-0.081207382
2,0.5563506261,-0.069786993,-0.080118535
2,0.5581395349,-0.070081776,-0.079044957
2,0.5599284436,-0.070372829,-0.077987032
2,0.5617173524,-0.070660112,-0.076945147
2,0.5635062612,-0.070943585,-0.075919687
2,0.5652951699,-0.071223207,-0.074911036
2,0.5670840787,-0.071498939,-0.073919581
2,0.5688729875,-0.071770739,-0.072945707
2,0.5706618962,-0.072038569,-0.071989798
2,0.572450805,-0.072302387,-0.071052241
2,0.5742397138,-0.072562189,-0.070133537
2,0.5760286225,-0.072817967,-0.069233959
2,0.5778175313,-0.073069716,-0.068353778
2,0.5796064401,-0.073317427,-0.067493267
2,0.5813953488,-0.073561093,-0.0666527
2,0.5831842576,-0.073800707,-0.065832348
2,0.5849731664,-0.074036263,-0.065032484
2,0.5867620751,-0.074267752,-0.064253381
2,0.5885509839,-0.074495168,-0.06349531
2,0.5903398927,-0.074718503,-0.062758545
2,0.5921288014,-0.074937751,-0.062043358
2,0.5939177102,-0.075152905,-0.061350021
2,0.595706619,-0.075363956,-0.060678807
2,0.5974955277,-0.075570898,-0.060029989
2,0.5992844365,-0.075773724,-0.059403839
2,0.6010733453,-0.075972427,-0.058800629
2,0.602862254,-0.076166999,-0.058220632
2,0.6046511628,-0.076357433,-0.057664121
2,0.6064400716,-0.076543723,-0.057131368
2,0.6082289803,-0.07672586,-0.056622645
2,0.6100178891,-0.076903763,-0.056138422
2,0.6118067979,-0.07707751,-0.055678714
2,0.6135957066,-0.077247182,-0.055243537
2,0.6153846154,-0.077412857,-0.054832907
2,0.6171735242,-0.077574616,-0.05444684
2,0.6189624329,-0.077732538,-0.054085351
2,0.6207513417,-0.077886702,-0.053748456
2,0.6225402504,-0.078037187,-0.053436171
2,0.6243291592,-0.078184074,-0.053148513
2,0.626118068,-0.078327442,-0.052885495
2,0.6279069767,-0.07846737,-0.052647135
2,0.6296958855,-0.078603939,-0.052433449
2,0.6314847943,-0.078737226,-0.052244451
2,0.633273703,-0.078867313,-0.052080158
2,0.6350626118,-0.078994278,-0.051940585
2,0.6368515206,-0.0791182,-0.051825748
2,0.6386404293,-0.079239161,-0.051735664
2,0.6404293381,-0.079357238,-0.051670347
2,0.6422182469,-0.079472512,-0.051629814
2,0.6440071556,-0.079585062,-0.05161408
2,0.6457960644,-0.079694993,-0.051623261
2,0.6475849732,-0.079802363,-0.051657227
2,0.6493738819,-0.079907226,-0.05171585
2,0.6511627907,-0.080009641,-0.051799001
2,0.6529516995,-0.080109662,-0.051906553
2,0.6547406082,-0.080207347,-0.052038376
2,0.656529517,-0.080302751,-0.052194342
2,0.6583184258,-0.080395932,-0.052374323
2,0.6601073345,-0.080486944,-0.052578191
2,0.6618962433,-0.080575846,-0.052805816
2,0.6636851521,-0.080662692,-0.05305707
2,0.6654740608,-0.08074754,-0.053331825
2,0.6672629696,-0.080830446,-0.053629952
2,0.6690518784,-0.080911466,-0.053951323
2,0.6708407871,-0.080990656,-0.054295809
2,0.6726296959,-0.081068073,-0.054663282
2,0.6744186047,-0.081143773,-0.055053613
2,0.6762075134,-0.081217813,-0.055466675
2,0.6779964222,-0.081290248,-0.055902337
2,0.6797853309,-0.081361136,-0.056360473
2,0.6815742397,-0.08143407,-0.056789778
2,0.6833631485,-0.081504874,-0.057251265
2,0.6851520572,-0.08157359,-0.057743944
2,0.686940966,-0.08164026,-0.058266822
2,0.6887298748,-0.081704926,-0.058818911
2,0.6905187835,-0.081767632,-0.05939922
2,0.6923076923,-0.081828419,-0.060006757
2,0.6940966011,-0.081887329,-0.060640533
2,0.6958855098,-0.081944405,-0.061299558
2,0.6976744186,-0.081999689,-0.061982839
2,0.6994633274,-0.082053224,-0.062689388
2,0.7012522361,-0.082105051,-0.063418213
2,0.7030411449,-0.082155213,-0.064168324
2,0.7048300537,-0.082203753,-0.06493873
2,0.7066189624,-0.082250712,-0.065728441
2,0.7084078712,-0.082296133,-0.066536467
2,0.71019678,-0.082340059,-0.067361816
2,0.7119856887,-0.082382531,-0.068203499
2,0.7137745975,-0.082423592,-0.069060524
2,0.7155635063,-0.082463284,-0.069931902
2,0.717352415,-0.082501465,-0.070820113
2,0.7191413238,-0.082538056,-0.071724923
2,0.7209302326,-0.082572977,-0.0726461
2,0.7227191413,-0.082606146,-0.073583411
2,0.7245080501,-0.082637485,-0.074536623
2,0.7262969589,-0.082666912,-0.075505503
2,0.7280858676,-0.082694347,-0.076489818
2,0.7298747764,-0.082719712,-0.077489336
2,0.7316636852,-0.082742924,-0.078503822
2,0.7334525939,-0.082763904,-0.079533045
2,0.7352415027,-0.082782573,-0.080576771
2,0.7370304114,-0.082798849,-0.081634767
2,0.7388193202,-0.082812652,-0.082706801
2,0.740608229,-0.082823903,-0.08379264
2,0.7423971377,-0.082832521,-0.08489205
2,0.7441860465,-0.082838426,-0.086004798
2,0.7459749553,-0.082841537,-0.087130652
2,0.747763864,-0.082841775,-0.088269379
2,0.7495527728,-0.08283906,-0.089420746
2,0.7513416816,-0.082833311,-0.090584519
2,0.7531305903,-0.082824501,-0.091760728
2,0.7549194991,-0.082812517,-0.092948256
2,0.7567084079,-0.082797245,-0.094145988
2,0.7584973166,-0.082778573,-0.095352809
2,0.7602862254,-0.082756387,-0.096567603
2,0.7620751342,-0.082730574,-0.097789254
2,0.7638640429,-0.082701021,-0.099016648
2,0.7656529517,-0.082667615,-0.10024867
2,0.7674418605,-0.082630242,-0.1014842
2,0.7692307692,-0.082588789,-0.10272213
2,0.771019678,-0.082543143,-0.10396134
2,0.7728085868,-0.082493192,-0.10520071
2,0.7745974955,-0.08243882,-0.10643914
2,0.7763864043,-0.082379917,-0.10767549
2,0.7781753131,-0.082316367,-0.10890867
2,0.7799642218,-0.082248059,-0.11013755
2,0.7817531306,-0.082174878,-0.11136102
2,0.7835420394,-0.082096712,-0.11257796
2,0.7853309481,-0.082013448,-0.11378725
2,0.7871198569,-0.081924972,-0.11498779
2,0.7889087657,-0.081831171,-0.11617787
2,0.7906976744,-0.081731924,-0.11735708
2,0.7924865832,-0.081627112,-0.11852502
2,0.7942754919,-0.081516615,-0.11968129
2,0.7960644007,-0.081400311,-0.12082549
2,0.7978533095,-0.081278081,-0.12195722
2,0.7996422182,-0.081149805,-0.12307607
2,0.801431127,-0.081015362,-0.12418164
2,0.8032200358,-0.080874631,-0.12527352
2,0.8050089445,-0.080727494,-0.12635133
2,0.8067978533,-0.080573829,-0.12741464
2,0.8085867621,-0.080413517,-0.12846307
2,0.8103756708,-0.080246436,-0.12949621
2,0.8121645796,-0.080072467,-0.13051365
2,0.8139534884,-0.07989149,-0.131515
2,0.8157423971,-0.079703384,-0.13249985
2,0.8175313059,-0.079508029,-0.1334678
2,0.8193202147,-0.079305305,-0.13441844
2,0.8211091234,-0.079095091,-0.13535138
2,0.8228980322,-0.078877268,-0.13626621
2,0.824686941,-0.078651692,-0.13716248
2,0.8264758497,-0.078418271,-0.13803992
2,0.8282647585,-0.078176913,-0.13889826
2,0.8300536673,-0.077927527,-0.13973722
2,0.831842576,-0.077670019,-0.14055655
2,0.8336314848,-0.077404298,-0.14135596
2,0.8354203936,-0.077130271,-0.14213519
2,0.8372093023,-0.076847847,-0.14289397
2,0.8389982111,-0.076556933,-0.14363203
2,0.8407871199,-0.076257437,-0.14434909
2,0.8425760286,-0.075949267,-0.1450449
2,0.8443649374,-0.075632331,-0.14571918
2,0.8461538462,-0.075306537,-0.14637165
2,0.8479427549,-0.074971791,-0.14700205
2,0.8497316637,-0.074628004,-0.14761012
2,0.8515205725,-0.074275081,-0.14819557
2,0.8533094812,-0.073912931,-0.14875814
2,0.85509839,-0.073541462,-0.14929756
2,0.8568872987,-0.073160582,-0.14981356
2,0.8586762075,-0.072770198,-0.15030587
2,0.8604651163,-0.072394559,-0.15083604
2,0.862254025,-0.072004492,-0.15132994
2,0.8640429338,-0.071600397,-0.15178848
2,0.8658318426,-0.071182675,-0.15221256
2,0.8676207513,-0.070751724,-0.15260312
2,0.8694096601,-0.070307946,-0.15296105
2,0.8711985689,-0.069851739,-0.15328728
2,0.8729874776,-0.069383505,-0.15358271
2,0.8747763864,-0.068903642,-0.15384826
2,0.8765652952,-0.068412551,-0.15408484
2,0.8783542039,-0.067910632,-0.15429337
2,0.8801431127,-0.067398284,-0.15447476
2,0.8819320215,-0.066875909,-0.15462991
2,0.8837209302,-0.066343904,-0.15475976
2,0.885509839,-0.065802671,-0.1548652
2,0.8872987478,-0.06525261,-0.15494715
2,0.8890876565,-0.06469412,-0.15500653
2,0.8908765653,-0.064127601,-0.15504424
2,0.8926654741,-0.063553453,-0.15506121
2,0.8944543828,-0.062972077,-0.15505834
2,0.8962432916,-0.06238223,-0.15503234
2,0.8980322004,-0.061783941,-0.15498323
2,0.8998211091,-0.061177242,-0.15491103
2,0.9016100179,-0.060562161,-0.15481575
2,0.9033989267,-0.059938727,-0.15469741
2,0.9051878354,-0.059306971,-0.15455603
2,0.9069767442,-0.058666922,-0.15439163
2,0.908765653,-0.058018609,-0.15420423
2,0.9105545617,-0.057362063,-0.15399384
2,0.9123434705,-0.056697313,-0.15376049
2,0.9141323792,-0.056024388,-0.15350418
2,0.915921288,-0.055343319,-0.15322495
2,0.9177101968,-0.054654134,-0.1529228
2,0.9194991055,-0.053956863,-0.15259775
2,0.9212880143,-0.053251536,-0.15224983
2,0.9230769231,-0.052538183,-0.15187905
2,0.9248658318,-0.051816833,-0.15148543
2,0.9266547406,-0.051087516,-0.15106898
2,0.9284436494,-0.050350261,-0.15062973
2,0.9302325581,-0.049605098,-0.15016769
2,0.9320214669,-0.048852232,-0.14968327
2,0.9338103757,-0.048091741,-0.14917668
2,0.9355992844,-0.047323707,-0.14864816
2,0.9373881932,-0.046548209,-0.14809793
2,0.939177102,-0.045765329,-0.14752623
2,0.9409660107,-0.044975145,-0.14693329
2,0.9427549195,-0.044177739,-0.14631932
2,0.9445438283,-0.043373191,-0.14568456
2,0.946332737,-0.04256158,-0.14502924
2,0.9481216458,-0.041742988,-0.14435359
2,0.9499105546,-0.040917494,-0.14365783
2,0.9516994633,-0.040085179,-0.1429422
2,0.9534883721,-0.039246123,-0.14220691
2,0.9552772809,-0.038400405,-0.14145221
2,0.9570661896,-0.037548108,-0.14067831
2,0.9588550984,-0.03668931,-0.13988545
2,0.9606440072,-0.035824091,-0.13907385
2,0.9624329159,-0.034952533,-0.13824375
2,0.9642218247,-0.034074715,-0.13739537
2,0.9660107335,-0.033190718,-0.13652893
2,0.9677996422,-0.032300596,-0.13564456
2,0.969588551,-0.031404432,-0.13474255
2,0.9713774597,-0.030502311,-0.13382323
2,0.9731663685,-0.029594317,-0.13288689
2,0.9749552773,-0.028680534,-0.13193386
2,0.976744186,-0.027761046,-0.13096443
2,0.9785330948,-0.026835937,-0.12997893
2,0.9803220036,-0.025905291,-0.12897765
2,0.9821109123,-0.024969193,-0.12796092
2,0.9838998211,-0.024027727,-0.12692904
2,0.9856887299,-0.023080976,-0.12588232
2,0.9874776386,-0.022129025,-0.12482107
2,0.9892665474,-0.021171958,-0.12374561
2,0.9910554562,-0.020209859,-0.12265624
2,0.9928443649,-0.019242812,-0.12155327
2,0.9946332737,-0.018270901,-0.12043702
2,0.9964221825,-0.01729421,-0.11930779
2,0.9982110912,-0.016312824,-0.11816589
2,1,-0.015326827,-0.11701164
3,0,-0.092313296,-0.11509034
3,0.001788908766,-0.091223641,-0.11396363
3,0.003577817531,-0.09013311,-0.11282549
3,0.005366726297,-0.089041981,-0.11167704
3,0.007155635063,-0.08795053,-0.11051941
3,0.008944543828,-0.086859036,-0.10935371
3,0.01073345259,-0.085767777,-0.10818107
3,0.01252236136,-0.08467703,-0.1070026
3,0.01431127013,-0.083587072,-0.10581943
3,0.01610017889,-0.082498182,-0.10463267
3,0.01788908766,-0.081410637,-0.10344344
3,0.01967799642,-0.080324714,-0.10225287
3,0.02146690519,-0.079240692,-0.10106207
3,0.02325581395,-0.078158848,-0.09987217
3,0.02504472272,-0.077079459,-0.098684281
3,0.02683363148,-0.076002804,-0.097499525
3,0.02862254025,-0.074929159,-0.096319024
3,0.03041144902,-0.073858803,-0.095143896
3,0.03220035778,-0.072792014,-0.093975262
3,0.03398926655,-0.071729068,-0.092814242
3,0.03577817531,-0.070670243,-0.091661955
3,0.03756708408,-0.06961588,-0.090520182
3,0.03935599284,-0.068566206,-0.089389309
3,0.04114490161,-0.067521449,-0.088269722
3,0.04293381038,-0.066481839,-0.087161809
3,0.04472271914,-0.065447603,-0.086065955
3,0.04651162791,-0.06441897,-0.084982547
3,0.04830053667,-0.063396169,-0.083911971
3,0.05008944544,-0.062379426,-0.082854613
3,0.0518783542,-0.061368972,-0.081810861
3,0.05366726297,-0.060365033,-0.080781101
3,0.05545617174,-0.059367839,-0.079765719
3,0.0572450805,-0.058377618,-0.078765101
3,0.05903398927,-0.057394598,-0.077779634
3,0.06082289803,-0.056419008,-0.076809705
3,0.0626118068,-0.055451075,-0.0758557
3,0.06440071556,-0.054491029,-0.074918005
3,0.06618962433,-0.053539097,-0.073997006
3,0.06797853309,-0.052595508,-0.073093091
3,0.06976744186,-0.05166049,-0.072206646
3,0.07155635063,-0.050734272,-0.071338057
3,0.07334525939,-0.049817145,-0.07048776
3,0.07513416816,-0.048909251,-0.069656002
3,0.07692307692,-0.048010733,-0.068843028
3,0.07871198569,-0.047121733,-0.068049083
3,0.08050089445,-0.046242392,-0.067274413
3,0.08228980322,-0.045372854,-0.066519264
3,0.08407871199,-0.04451326,-0.065783881
3,0.08586762075,-0.043663753,-0.065068511
3,0.08765652952,-0.042824474,-0.064373398
3,0.08944543828,-0.041995566,-0.063698788
3,0.09123434705,-0.041177172,-0.063044927
3,0.09302325581,-0.040369432,-0.062412061
3,0.09481216458,-0.03957249,-0.061800435
3,0.09660107335,-0.038786487,-0.061210295
3,0.09838998211,-0.038011566,-0.060641887
3,0.1001788909,-0.037247868,-0.060095455
3,0.1019677996,-0.036495537,-0.059571247
3,0.1037567084,-0.035754714,-0.059069507
3,0.1055456172,-0.035025542,-0.05859048
3,0.1073345259,-0.034308162,-0.058134414
3,0.1091234347,-0.03360278,-0.057701763
3,0.1109123435,-0.032909453,-0.057292511
3,0.1127012522,-0.032228239,-0.05690664
3,0.114490161,-0.031559194,-0.056544133
3,0.1162790698,-0.030902377,-0.056204971
3,0.1180679785,-0.030257845,-0.055889137
3,0.1198568873,-0.029625655,-0.055596614
3,0.1216457961,-0.029005865,-0.055327385
3,0.1234347048,-0.028398532,-0.055081431
3,0.1252236136,-0.027803713,-0.054858734
3,0.1270125224,-0.027221467,-0.054659279
3,0.1288014311,-0.02665185,-0.054483046
3,0.1305903399,-0.026094919,-0.054330018
3,0.1323792487,-0.025550733,-0.054200178
3,0.1341681574,-0.025019348,-0.054093509
3,0.1359570662,-0.024500823,-0.054009991
3,0.137745975,-0.023995213,-0.053949609
3,0.1395348837,-0.023502578,-0.053912345
3,0.1413237925,-0.023022974,-0.05389818
3,0.1431127013,-0.022556459,-0.053907098
3,0.14490161,-0.022103151,-0.053939136
3,0.1466905188,-0.021663025,-0.053994183
3,0.1484794275,-0.021236056,-0.054072131
3,0.1502683363,-0.020822218,-0.054172867
3,0.1520572451,-0.020421486,-0.054296282
3,0.1538461538,-0.020033834,-0.054442266
3,0.1556350626,-0.019659237,-0.054610708
3,0.1574239714,-0.019297669,-0.054801497
3,0.1592128801,-0.018949105,-0.055014523
3,0.1610017889,-0.018613519,-0.055249676
3,0.1627906977,-0.018290885,-0.055506846
3,0.1645796064,-0.017981179,-0.055785922
3,0.1663685152,-0.017684375,-0.056086793
3,0.168157424,-0.017400447,-0.05640935
3,0.1699463327,-0.01712937,-0.056753481
3,0.1717352415,-0.016871118,-0.057119077
3,0.1735241503,-0.016625666,-0.057506027
3,0.175313059,-0.016392988,-0.057914221
3,0.1771019678,-0.01617306,-0.058343549
3,0.1788908766,-0.015965854,-0.058793899
3,0.1806797853,-0.015771391,-0.059265219
3,0.1824686941,-0.015589582,-0.059757323
3,0.1842576029,-0.015420343,-0.060270023
3,0.1860465116,-0.015263586,-0.060803131
3,0.1878354204,-0.015119225,-0.061356462
3,0.1896243292,-0.014987174,-0.061929827
3,0.1914132379,-0.014867346,-0.062523041
3,0.1932021467,-0.014759655,-0.063135914
3,0.1949910555,-0.014664015,-0.063768262
3,0.1967799642,-0.014580339,-0.064419896
3,0.198568873,-0.01450854,-0.06509063
3,0.2003577818,-0.014448533,-0.065780276
3,0.2021466905,-0.01440023,-0.066488647
3,0.2039355993,-0.014363547,-0.067215557
3,0.2057245081,-0.014338395,-0.067960818
3,0.2075134168,-0.014324689,-0.068724243
3,0.2093023256,-0.014322343,-0.069505645
3,0.2110912343,-0.014331269,-0.070304837
3,0.2128801431,-0.014351382,-0.071121632
3,0.2146690519,-0.014382595,-0.071955843
3,0.2164579606,-0.014424854,-0.072807343
3,0.2182468694,-0.014478027,-0.073675864
3,0.2200357782,-0.014541986,-0.074561138
3,0.2218246869,-0.014616598,-0.075462898
3,0.2236135957,-0.014701735,-0.076380875
3,0.2254025045,-0.014797265,-0.077314802
3,0.2271914132,-0.014903058,-0.078264411
3,0.228980322,-0.015018984,-0.079229433
3,0.2307692308,-0.015144912,-0.080209601
3,0.2325581395,-0.015280712,-0.081204647
3,0.2343470483,-0.015426253,-0.082214304
3,0.2361359571,-0.015581406,-0.083238302
3,0.2379248658,-0.015746039,-0.084276375
3,0.2397137746,-0.015920023,-0.085328254
3,0.2415026834,-0.016103226,-0.086393672
3,0.2432915921,-0.016295519,-0.08747236
3,0.2450805009,-0.016496771,-0.088564051
3,0.2468694097,-0.016706851,-0.089668477
3,0.2486583184,-0.01692563,-0.09078537
3,0.2504472272,-0.017152977,-0.091914461
3,0.252236136,-0.01737098,-0.09304626
3,0.2540250447,-0.017600752,-0.094191487
3,0.2558139535,-0.017841861,-0.095348859
3,0.2576028623,-0.018093872,-0.096517092
3,0.259391771,-0.018356351,-0.097694903
3,0.2611806798,-0.018628865,-0.098881007
3,0.2629695886,-0.01891098,-0.10007412
3,0.2647584973,-0.019202262,-0.10127296
3,0.2665474061,-0.019502277,-0.10247624
3,0.2683363148,-0.019810591,-0.10368268
3,0.2701252236,-0.020126771,-0.10489099
3,0.2719141324,-0.020450382,-0.1060999
3,0.2737030411,-0.020780991,-0.10730811
3,0.2754919499,-0.021118164,-0.10851435
3,0.2772808587,-0.021461467,-0.10971732
3,0.2790697674,-0.021810466,-0.11091575
3,0.2808586762,-0.022164727,-0.11210835
3,0.282647585,-0.022523818,-0.11329383
3,0.2844364937,-0.022887302,-0.11447093
3,0.2862254025,-0.023254748,-0.11563834
3,0.2880143113,-0.023626815,-0.11679477
3,0.28980322,-0.02400347,-0.11793985
3,0.2915921288,-0.024384681,-0.11907322
3,0.2933810376,-0.024770416,-0.1201945
3,0.2951699463,-0.025160643,-0.12130334
3,0.2969588551,-0.025555329,-0.12239935
3,0.2987477639,-0.025954442,-0.12348218
3,0.3005366726,-0.02635795,-0.12455146
3,0.3023255814,-0.026765819,-0.12560681
3,0.3041144902,-0.027178019,-0.12664788
3,0.3059033989,-0.027594516,-0.12767428
3,0.3076923077,-0.028015278,-0.12868567
3,0.3094812165,-0.028440274,-0.12968166
3,0.3112701252,-0.028869469,-0.1306619
3,0.313059034,-0.029302833,-0.13162601
3,0.3148479428,-0.029740333,-0.13257362
3,0.3166368515,-0.030181937,-0.13350437
3,0.3184257603,-0.030627611,-0.13441789
3,0.3202146691,-0.031077325,-0.13531382
3,0.3220035778,-0.031531045,-0.13619177
3,0.3237924866,-0.031980355,-0.13710179
3,0.3255813953,-0.032435065,-0.13798326
3,0.3273703041,-0.032894989,-0.1388367
3,0.3291592129,-0.033359942,-0.13966262
3,0.3309481216,-0.03382974,-0.14046154
3,0.3327370304,-0.034304197,-0.14123397
3,0.3345259392,-0.034783128,-0.14198042
3,0.3363148479,-0.035266347,-0.14270142
3,0.3381037567,-0.03575367,-0.14339748
3,0.3398926655,-0.036244911,-0.14406911
3,0.3416815742,-0.036739884,-0.14471683
3,0.343470483,-0.037238406,-0.14534115
3,0.3452593918,-0.03774029,-0.14594258
3,0.3470483005,-0.038245352,-0.14652165
3,0.3488372093,-0.038753406,-0.14707887
3,0.3506261181,-0.039264266,-0.14761475
3,0.3524150268,-0.039777749,-0.14812981
3,0.3542039356,-0.040293668,-0.14862456
3,0.3559928444,-0.040811838,-0.14909952
3,0.3577817531,-0.041332075,-0.1495552
3,0.3595706619,-0.041854752,-0.14998856
3,0.3613595707,-0.042379827,-0.15039955
3,0.3631484794,-0.04290726,-0.1507881
3,0.3649373882,-0.043437009,-0.15115414
3,0.366726297,-0.043969034,-0.15149761
3,0.3685152057,-0.044503292,-0.15181844
3,0.3703041145,-0.045039743,-0.15211657
3,0.3720930233,-0.045578345,-0.15239193
3,0.373881932,-0.046119057,-0.15264446
3,0.3756708408,-0.046661838,-0.15287409
3,0.3774597496,-0.047206647,-0.15308077
3,0.3792486583,-0.047753442,-0.15326441
3,0.3810375671,-0.048302183,-0.15342497
3,0.3828264758,-0.048852827,-0.15356237
3,0.3846153846,-0.049405334,-0.15367655
3,0.3864042934,-0.049959662,-0.15376745
3,0.3881932021,-0.05051577,-0.153835
3,0.3899821109,-0.051073618,-0.15387913
3,0.3917710197,-0.051633162,-0.15389978
3,0.3935599284,-0.052194364,-0.15389689
3,0.3953488372,-0.05275712,-0.15387071
3,0.397137746,-0.053321372,-0.15382134
3,0.3989266547,-0.053887065,-0.15374891
3,0.4007155635,-0.05445414,-0.15365354
3,0.4025044723,-0.055022541,-0.15353534
3,0.404293381,-0.055592209,-0.15339443
3,0.4060822898,-0.056163088,-0.15323093
3,0.4078711986,-0.05673512,-0.15304496
3,0.4096601073,-0.057308248,-0.15283662
3,0.4114490161,-0.057882415,-0.15260605
3,0.4132379249,-0.058457563,-0.15235335
3,0.4150268336,-0.059033636,-0.15207865
3,0.4168157424,-0.059610575,-0.15178206
3,0.4186046512,-0.060188323,-0.1514637
3,0.4203935599,-0.060766824,-0.15112368
3,0.4221824687,-0.06134602,-0.15076213
3,0.4239713775,-0.061925853,-0.15037916
3,0.4257602862,-0.062506267,-0.14997489
3,0.427549195,-0.063087203,-0.14954943
3,0.4293381038,-0.063668605,-0.1491029
3,0.4311270125,-0.064250426,-0.14863533
3,0.4329159213,-0.064832605,-0.14814689
3,0.4347048301,-0.065415083,-0.14763778
3,0.4364937388,-0.065997802,-0.14710818
3,0.4382826476,-0.066580702,-0.14655828
3,0.4400715564,-0.067163725,-0.14598827
3,0.4418604651,-0.06774681,-0.14539834
3,0.4436493739,-0.068329899,-0.14478867
3,0.4454382826,-0.068912932,-0.14415945
3,0.4472271914,-0.069495851,-0.14351088
3,0.4490161002,-0.070078597,-0.14284313
3,0.4508050089,-0.070661109,-0.1421564
3,0.4525939177,-0.071243329,-0.14145088
3,0.4543828265,-0.071825198,-0.14072674
3,0.4561717352,-0.072406657,-0.13998419
3,0.457960644,-0.072987646,-0.13922341
3,0.4597495528,-0.073568106,-0.13844458
3,0.4615384615,-0.074147978,-0.1376479
3,0.4633273703,-0.074727203,-0.13683355
3,0.4651162791,-0.075305722,-0.13600172
3,0.4669051878,-0.075883477,-0.13515255
3,0.4686940966,-0.076460406,-0.1342863
3,0.4704830054,-0.077036446,-0.13340324
3,0.4722719141,-0.077611533,-0.13250363
3,0.4740608229,-0.078185605,-0.13158773
3,0.4758497317,-0.078758598,-0.13065581
3,0.4776386404,-0.079330451,-0.12970814
3,0.4794275492,-0.079901099,-0.12874497
3,0.481216458,-0.080470481,-0.12776658
3,0.4830053667,-0.081038532,-0.12677322
3,0.4847942755,-0.081605191,-0.12576517
3,0.4865831843,-0.082170394,-0.12474268
3,0.488372093,-0.082734078,-0.12370602
3,0.4901610018,-0.08329618,-0.12265546
3,0.4919499106,-0.083856638,-0.12159126
3,0.4937388193,-0.084415388,-0.12051368
3,0.4955277281,-0.084972368,-0.11942299
3,0.4973166369,-0.085527515,-0.11831946
3,0.4991055456,-0.086080765,-0.11720334
3,0.5008944544,-0.086632056,-0.1160749
3,0.5026833631,-0.0871874,-0.11494392
3,0.5044722719,-0.087739475,-0.11379933
3,0.5062611807,-0.088288311,-0.11264241
3,0.5080500894,-0.08883394,-0.11147447
3,0.5098389982,-0.089376392,-0.1102968
3,0.511627907,-0.0899157,-0.10911067
3,0.5134168157,-0.090451894,-0.1079174
3,0.5152057245,-0.090985005,-0.10671826
3,0.5169946333,-0.091515066,-0.10551455
3,0.518783542,-0.092042108,-0.10430756
3,0.5205724508,-0.092566161,-0.10309858
3,0.5223613596,-0.093087257,-0.10188891
3,0.5241502683,-0.093605427,-0.10067983
3,0.5259391771,-0.094120703,-0.099472644
3,0.5277280859,-0.094633116,-0.098268632
3,0.5295169946,-0.095142698,-0.09706909
3,0.5313059034,-0.095649479,-0.095875309
3,0.5330948122,-0.096153491,-0.094688581
3,0.5348837209,-0.096654765,-0.093510198
3,0.5366726297,-0.097153332,-0.09234145
3,0.5384615385,-0.097648809,-0.09118363
3,0.5402504472,-0.098141141,-0.090037104
3,0.542039356,-0.098630273,-0.088902242
3,0.5438282648,-0.099116152,-0.087779408
3,0.5456171735,-0.099598723,-0.086668972
3,0.5474060823,-0.10007793,-0.0855713
3,0.5491949911,-0.10055372,-0.084486759
3,0.5509838998,-0.10102605,-0.083415716
3,0.5527728086,-0.10149484,-0.08235854
3,0.5545617174,-0.10196006,-0.081315597
3,0.5563506261,-0.10242165,-0.080287255
3,0.5581395349,-0.10287955,-0.07927388
3,0.5599284436,-0.1033337,-0.07827584
3,0.5617173524,-0.10378406,-0.077293503
3,0.5635062612,-0.10423058,-0.076327235
3,0.5652951699,-0.10467318,-0.075377404
3,0.5670840787,-0.10511183,-0.074444378
3,0.5688729875,-0.10554647,-0.073528523
3,0.5706618962,-0.10597703,-0.072630206
3,0.572450805,-0.10640348,-0.071749796
3,0.5742397138,-0.10682578,-0.070887782
3,0.5760286225,-0.10724391,-0.070044408
3,0.5778175313,-0.10765785,-0.06921992
3,0.5796064401,-0.10806759,-0.068414562
3,0.5813953488,-0.10847309,-0.067628577
3,0.5831842576,-0.10887434,-0.066862211
3,0.5849731664,-0.10927133,-0.066115708
3,0.5867620751,-0.10966403,-0.065389312
3,0.5885509839,-0.11005242,-0.064683268
3,0.5903398927,-0.11043648,-0.06399782
3,0.5921288014,-0.11081619,-0.063333212
3,0.5939177102,-0.11119153,-0.06268969
3,0.595706619,-0.11156248,-0.062067497
3,0.5974955277,-0.11192902,-0.061466878
3,0.5992844365,-0.11229114,-0.060888077
3,0.6010733453,-0.1126488,-0.060331339
3,0.602862254,-0.113002,-0.059796909
3,0.6046511628,-0.11335071,-0.059285029
3,0.6064400716,-0.11369491,-0.058795946
3,0.6082289803,-0.11403457,-0.058329903
3,0.6100178891,-0.11436963,-0.057887349
3,0.6118067979,-0.11470012,-0.057468261
3,0.6135957066,-0.11502611,-0.057072619
3,0.6153846154,-0.11534767,-0.0567004
3,0.6171735242,-0.11566484,-0.056351585
3,0.6189624329,-0.11597768,-0.056026152
3,0.6207513417,-0.11628627,-0.055724079
3,0.6225402504,-0.11659064,-0.055445345
3,0.6243291592,-0.11689087,-0.055189929
3,0.626118068,-0.11718701,-0.054957809
3,0.6279069767,-0.11747913,-0.054748965
3,0.6296958855,-0.11776727,-0.054563374
3,0.6314847943,-0.1180515,-0.054401017
3,0.633273703,-0.11833187,-0.05426187
3,0.6350626118,-0.11860845,-0.054145914
3,0.6368515206,-0.1188813,-0.054053127
3,0.6386404293,-0.11915047,-0.053983488
3,0.6404293381,-0.11941602,-0.053936974
3,0.6422182469,-0.11967801,-0.053913566
3,0.6440071556,-0.1199365,-0.053913241
3,0.6457960644,-0.12019157,-0.053936034
3,0.6475849732,-0.12044326,-0.053981832
3,0.6493738819,-0.12069161,-0.054050523
3,0.6511627907,-0.12093667,-0.054141996
3,0.6529516995,-0.12117847,-0.054256137
3,0.6547406082,-0.12141706,-0.054392836
3,0.656529517,-0.12165249,-0.054551979
3,0.6583184258,-0.12188478,-0.054733455
3,0.6601073345,-0.12211399,-0.054937153
3,0.6618962433,-0.12234016,-0.055162959
3,0.6636851521,-0.12256333,-0.055410761
3,0.6654740608,-0.12278354,-0.055680449
3,0.6672629696,-0.12300083,-0.055971909
3,0.6690518784,-0.12321524,-0.056285029
3,0.6708407871,-0.12342682,-0.056619698
3,0.6726296959,-0.12363562,-0.056975803
3,0.6744186047,-0.12384166,-0.057353233
3,0.6762075134,-0.124045,-0.057751875
3,0.6779964222,-0.12424567,-0.058171617
3,0.6797853309,-0.12444372,-0.058612347
3,0.6815742397,-0.12464558,-0.059025784
3,0.6833631485,-0.12484365,-0.059469371
3,0.6851520572,-0.12503801,-0.05994219
3,0.686940966,-0.12522875,-0.060443328
3,0.6887298748,-0.12541594,-0.060971869
3,0.6905187835,-0.12559967,-0.061526896
3,0.6923076923,-0.12578003,-0.062107495
3,0.6940966011,-0.12595708,-0.062712749
3,0.6958855098,-0.12613092,-0.063341744
3,0.6976744186,-0.12630162,-0.063993564
3,0.6994633274,-0.12646926,-0.064667293
3,0.7012522361,-0.12663394,-0.065362016
3,0.7030411449,-0.12679572,-0.066076817
3,0.7048300537,-0.1269547,-0.066810781
3,0.7066189624,-0.12711094,-0.067562992
3,0.7084078712,-0.12726454,-0.068332534
3,0.71019678,-0.12741558,-0.069118493
3,0.7119856887,-0.12756413,-0.069919952
3,0.7137745975,-0.12771028,-0.070735996
3,0.7155635063,-0.12785411,-0.071565709
3,0.717352415,-0.12799532,-0.072411432
3,0.7191413238,-0.12813384,-0.073272977
3,0.7209302326,-0.12826957,-0.074150153
3,0.7227191413,-0.12840245,-0.075042773
3,0.7245080501,-0.1285324,-0.075950648
3,0.7262969589,-0.12865933,-0.076873589
3,0.7280858676,-0.12878316,-0.077811406
3,0.7298747764,-0.12890382,-0.078763911
3,0.7316636852,-0.12902122,-0.079730916
3,0.7334525939,-0.1291353,-0.080712231
3,0.7352415027,-0.12924596,-0.081707668
3,0.7370304114,-0.12935312,-0.082717038
3,0.7388193202,-0.12945672,-0.083740152
3,0.740608229,-0.12955667,-0.084776821
3,0.7423971377,-0.12965288,-0.085826856
3,0.7441860465,-0.12974529,-0.086890069
3,0.7459749553,-0.1298338,-0.087966271
3,0.747763864,-0.12991835,-0.089055272
3,0.7495527728,-0.12999885,-0.090156885
3,0.7513416816,-0.13007523,-0.09127092
3,0.7531305903,-0.13014746,-0.092397521
3,0.7549194991,-0.13021546,-0.093535562
3,0.7567084079,-0.13027912,-0.094683919
3,0.7584973166,-0.13033834,-0.095841466
3,0.7602862254,-0.13039302,-0.097007077
3,0.7620751342,-0.13044305,-0.098179628
3,0.7638640429,-0.13048835,-0.099357992
3,0.7656529517,-0.1305288,-0.10054104
3,0.7674418605,-0.1305643,-0.10172766
3,0.7692307692,-0.13059476,-0.10291671
3,0.771019678,-0.13062007,-0.10410707
3,0.7728085868,-0.13064013,-0.10529762
3,0.7745974955,-0.13065485,-0.10648723
3,0.7763864043,-0.13066411,-0.10767478
3,0.7781753131,-0.13066783,-0.10885914
3,0.7799642218,-0.13066589,-0.11003918
3,0.7817531306,-0.1306582,-0.11121378
3,0.7835420394,-0.13064466,-0.11238181
3,0.7853309481,-0.13062516,-0.11354215
3,0.7871198569,-0.13059961,-0.11469368
3,0.7889087657,-0.13056789,-0.11583464
3,0.7906976744,-0.13052991,-0.11696465
3,0.7924865832,-0.13048556,-0.11808334
3,0.7942754919,-0.13043474,-0.11919032
3,0.7960644007,-0.13037733,-0.12028521
3,0.7978533095,-0.13031324,-0.12136762
3,0.7996422182,-0.13024235,-0.12243719
3,0.801431127,-0.13016457,-0.12349351
3,0.8032200358,-0.13007979,-0.12453622
3,0.8050089445,-0.12998791,-0.12556494
3,0.8067978533,-0.12988881,-0.12657927
3,0.8085867621,-0.1297824,-0.12757884
3,0.8103756708,-0.12966857,-0.12856326
3,0.8121645796,-0.12954721,-0.12953216
3,0.8139534884,-0.12941822,-0.13048516
3,0.8157423971,-0.1292815,-0.13142186
3,0.8175313059,-0.12913694,-0.1323419
3,0.8193202147,-0.12898443,-0.13324488
3,0.8211091234,-0.12882387,-0.13413043
3,0.8228980322,-0.12865516,-0.13499817
3,0.824686941,-0.12847817,-0.13584766
3,0.8264758497,-0.12829282,-0.13667865
3,0.8282647585,-0.12809903,-0.13749091
3,0.8300536673,-0.12789673,-0.13828419
3,0.831842576,-0.12768585,-0.13905827
3,0.8336314848,-0.12746629,-0.13981289
3,0.8354203936,-0.127238,-0.14054783
3,0.8372093023,-0.12700089,-0.14126283
3,0.8389982111,-0.12675488,-0.14195766
3,0.8407871199,-0.12649991,-0.14263208
3,0.8425760286,-0.12623588,-0.14328584
3,0.8443649374,-0.12596273,-0.14391872
3,0.8461538462,-0.12568038,-0.14453047
3,0.8479427549,-0.12538875,-0.14512084
3,0.8497316637,-0.12508777,-0.14568961
3,0.8515205725,-0.12477736,-0.14623652
3,0.8533094812,-0.12445744,-0.14676134
3,0.85509839,-0.12412793,-0.14726384
3,0.8568872987,-0.12378877,-0.14774376
3,0.8586762075,-0.12343987,-0.14820087
3,0.8604651163,-0.12310578,-0.14869413
3,0.862254025,-0.122757,-0.14915257
3,0.8640429338,-0.12239395,-0.14957709
3,0.8658318426,-0.12201701,-0.14996862
3,0.8676207513,-0.1216266,-0.15032807
3,0.8694096601,-0.12122313,-0.15065634
3,0.8711985689,-0.12080698,-0.15095434
3,0.8729874776,-0.12037858,-0.15122299
3,0.8747763864,-0.11993833,-0.1514632
3,0.8765652952,-0.11948662,-0.15167588
3,0.8783542039,-0.11902386,-0.15186195
3,0.8801431127,-0.11855047,-0.1520223
3,0.8819320215,-0.11806684,-0.15215786
3,0.8837209302,-0.11757337,-0.15226953
3,0.885509839,-0.11707048,-0.15235823
3,0.8872987478,-0.11655857,-0.15242487
3,0.8890876565,-0.11603803,-0.15247036
3,0.8908765653,-0.11550929,-0.15249561
3,0.8926654741,-0.11497273,-0.15250153
3,0.8944543828,-0.11442877,-0.15248904
3,0.8962432916,-0.11387615,-0.15245505
3,0.8980322004,-0.1133149,-0.15239956
3,0.8998211091,-0.11274504,-0.1523226
3,0.9016100179,-0.1121666,-0.15222417
3,0.9033989267,-0.11157961,-0.15210428
3,0.9051878354,-0.11098409,-0.15196293
3,0.9069767442,-0.11038007,-0.15180014
3,0.908765653,-0.10976757,-0.15161591
3,0.9105545617,-0.10914662,-0.15141025
3,0.9123434705,-0.10851725,-0.15118316
3,0.9141323792,-0.10787948,-0.15093467
3,0.915921288,-0.10723334,-0.15066477
3,0.9177101968,-0.10657885,-0.15037348
3,0.9194991055,-0.10591605,-0.1500608
3,0.9212880143,-0.10524495,-0.14972675
3,0.9230769231,-0.10456558,-0.14937132
3,0.9248658318,-0.10387797,-0.14899453
3,0.9266547406,-0.10318215,-0.14859639
3,0.9284436494,-0.10247814,-0.14817691
3,0.9302325581,-0.10176596,-0.14773609
3,0.9320214669,-0.10104583,-0.14727431
3,0.9338103757,-0.10031781,-0.14679177
3,0.9355992844,-0.099581978,-0.14628867
3,0.9373881932,-0.09883842,-0.14576521
3,0.939177102,-0.098087207,-0.14522159
3,0.9409660107,-0.097328416,-0.144658
3,0.9427549195,-0.096562124,-0.14407465
3,0.9445438283,-0.095788406,-0.14347173
3,0.946332737,-0.095007339,-0.14284944
3,0.9481216458,-0.094219001,-0.14220799
3,0.9499105546,-0.093423466,-0.14154756
3,0.9516994633,-0.092620812,-0.14086837
3,0.9534883721,-0.091811114,-0.1401706
3,0.9552772809,-0.09099445,-0.13945445
3,0.9570661896,-0.090170896,-0.13872013
3,0.9588550984,-0.089340529,-0.13796784
3,0.9606440072,-0.088503423,-0.13719776
3,0.9624329159,-0.087659657,-0.13641011
3,0.9642218247,-0.086809307,-0.13560508
3,0.9660107335,-0.085952449,-0.13478287
3,0.9677996422,-0.085089131,-0.13394357
3,0.969588551,-0.084219435,-0.13308745
3,0.9713774597,-0.083343444,-0.13221477
3,0.9731663685,-0.08246124,-0.13132579
3,0.9749552773,-0.081572904,-0.13042077
3,0.976744186,-0.080678519,-0.12949997
3,0.9785330948,-0.079778167,-0.12856366
3,0.9803220036,-0.07887193,-0.12761209
3,0.9821109123,-0.07795989,-0.12664552
3,0.9838998211,-0.077042128,-0.12566423
3,0.9856887299,-0.076118728,-0.12466845
3,0.9874776386,-0.075189772,-0.12365847
3,0.9892665474,-0.07425534,-0.12263454
3,0.9910554562,-0.073315516,-0.12159692
3,0.9928443649,-0.072370382,-0.12054588
3,0.9946332737,-0.071420018,-0.11948167
3,0.9964221825,-0.070464509,-0.11840455
3,0.9982110912,-0.069503935,-0.11731479
3,1,-0.068538379,-0.11621265
4,0,-0.09229285,-0.11522135
4,0.001788908766,-0.091202613,-0.11409818
4,0.003577817531,-0.090111494,-0.11296361
4,0.005366726297,-0.089019769,-0.11181878
4,0.007155635063,-0.087927713,-0.1106648
4,0.008944543828,-0.086835604,-0.10950279
4,0.01073345259,-0.085743717,-0.10833388
4,0.01252236136,-0.084652328,-0.10715918
4,0.01431127013,-0.083561713,-0.10597982
4,0.01610017889,-0.082472148,-0.10479691
4,0.01788908766,-0.08138391,-0.10361158
4,0.01967799642,-0.080297274,-0.10242495
4,0.02146690519,-0.079212518,-0.10123814
4,0.02325581395,-0.078129915,-0.10005226
4,0.02504472272,-0.077049744,-0.098868452
4,0.02683363148,-0.07597228,-0.097687822
4,0.02862254025,-0.074897798,-0.096511495
4,0.03041144902,-0.073826576,-0.095340592
4,0.03220035778,-0.072758889,-0.094176233
4,0.03398926655,-0.071695014,-0.093019539
4,0.03577817531,-0.070635226,-0.091871632
4,0.03756708408,-0.069579863,-0.090734289
4,0.03935599284,-0.068529152,-0.089607901
4,0.04114490161,-0.067483321,-0.08849286
4,0.04293381038,-0.066442596,-0.087389556
4,0.04472271914,-0.065407204,-0.086298381
4,0.04651162791,-0.064377373,-0.085219725
4,0.04830053667,-0.06335333,-0.084153982
4,0.05008944544,-0.062335302,-0.083101541
4,0.0518783542,-0.061323516,-0.082062793
4,0.05366726297,-0.060318199,-0.081038131
4,0.05545617174,-0.059319578,-0.080027945
4,0.0572450805,-0.05832788,-0.079032626
4,0.05903398927,-0.057343332,-0.078052566
4,0.06082289803,-0.056366162,-0.077088156
4,0.0626118068,-0.055396597,-0.076139788
4,0.06440071556,-0.054434863,-0.075207851
4,0.06618962433,-0.053481187,-0.074292739
4,0.06797853309,-0.052535798,-0.073394841
4,0.06976744186,-0.051598922,-0.07251455
4,0.07155635063,-0.050670785,-0.071652256
4,0.07334525939,-0.049751679,-0.070808398
4,0.07513416816,-0.048841744,-0.069983231
4,0.07692307692,-0.047941122,-0.069177007
4,0.07871198569,-0.047049955,-0.068389979
4,0.08050089445,-0.046168384,-0.067622401
4,0.08228980322,-0.04529655,-0.066874526
4,0.08407871199,-0.044434595,-0.066146607
4,0.08586762075,-0.043582661,-0.065438898
4,0.08765652952,-0.042740888,-0.064751652
4,0.08944543828,-0.041909418,-0.064085122
4,0.09123434705,-0.041088394,-0.063439561
4,0.09302325581,-0.040277955,-0.062815224
4,0.09481216458,-0.039478244,-0.062212362
4,0.09660107335,-0.038689402,-0.061631229
4,0.09838998211,-0.037911571,-0.061072079
4,0.1001788909,-0.037144892,-0.060535165
4,0.1019677996,-0.036389506,-0.06002074
4,0.1037567084,-0.035645556,-0.059529058
4,0.1055456172,-0.034913181,-0.059060371
4,0.1073345259,-0.034192525,-0.058614933
4,0.1091234347,-0.033483791,-0.058193209
4,0.1109123435,-0.032787035,-0.057795188
4,0.1127012522,-0.032102316,-0.057420859
4,0.114490161,-0.031429691,-0.057070212
4,0.1162790698,-0.030769218,-0.056743237
4,0.1180679785,-0.030120952,-0.056439921
4,0.1198568873,-0.029484952,-0.056160256
4,0.1216457961,-0.028861275,-0.055904229
4,0.1234347048,-0.028249979,-0.05567183
4,0.1252236136,-0.02765112,-0.055463049
4,0.1270125224,-0.027064755,-0.055277875
4,0.1288014311,-0.026490943,-0.055116296
4,0.1305903399,-0.025929741,-0.054978304
4,0.1323792487,-0.025381205,-0.054863885
4,0.1341681574,-0.024845393,-0.054773031
4,0.1359570662,-0.024322363,-0.05470573
4,0.137745975,-0.023812171,-0.054661972
4,0.1395348837,-0.023314876,-0.054641746
4,0.1413237925,-0.022830533,-0.05464504
4,0.1431127013,-0.022359201,-0.054671846
4,0.14490161,-0.021900998,-0.054722213
4,0.1466905188,-0.021455899,-0.054796031
4,0.1484794275,-0.021023879,-0.054893186
4,0.1502683363,-0.020604913,-0.055013565
4,0.1520572451,-0.020198977,-0.055157056
4,0.1538461538,-0.019806046,-0.055323545
4,0.1556350626,-0.019426096,-0.05551292
4,0.1574239714,-0.019059101,-0.055725069
4,0.1592128801,-0.018705037,-0.055959877
4,0.1610017889,-0.01836388,-0.056217233
4,0.1627906977,-0.018035604,-0.056497023
4,0.1645796064,-0.017720184,-0.056799135
4,0.1663685152,-0.017417597,-0.057123456
4,0.168157424,-0.017127817,-0.057469874
4,0.1699463327,-0.016850819,-0.057838274
4,0.1717352415,-0.01658658,-0.058228546
4,0.1735241503,-0.016335073,-0.058640574
4,0.175313059,-0.016096275,-0.059074248
4,0.1771019678,-0.015870161,-0.059529454
4,0.1788908766,-0.015656706,-0.060006079
4,0.1806797853,-0.015455928,-0.060504053
4,0.1824686941,-0.015267743,-0.061023204
4,0.1842576029,-0.015092066,-0.061563361
4,0.1860465116,-0.014928811,-0.062124352
4,0.1878354204,-0.014777896,-0.062706007
4,0.1896243292,-0.014639233,-0.063308153
4,0.1914132379,-0.014512739,-0.063930619
4,0.1932021467,-0.014398329,-0.064573234
4,0.1949910555,-0.014295918,-0.065235826
4,0.1967799642,-0.014205422,-0.065918224
4,0.198568873,-0.014126754,-0.066620257
4,0.2003577818,-0.014059832,-0.067341753
4,0.2021466905,-0.014004569,-0.06808254
4,0.2039355993,-0.013960881,-0.068842448
4,0.2057245081,-0.013928683,-0.069621304
4,0.2075134168,-0.013907891,-0.070418938
4,0.2093023256,-0.01389842,-0.071235178
4,0.2110912343,-0.013900184,-0.072069852
4,0.2128801431,-0.013913099,-0.07292279
4,0.2146690519,-0.01393708,-0.073793819
4,0.2164579606,-0.013972074,-0.074682842
4,0.2182468694,-0.014017953,-0.075589592
4,0.2200357782,-0.014074588,-0.076513803
4,0.2218246869,-0.014141851,-0.077455207
4,0.2236135957,-0.014219613,-0.078413538
4,0.2254025045,-0.014307748,-0.07938853
4,0.2271914132,-0.014406126,-0.080379915
4,0.228980322,-0.01451462,-0.081387428
4,0.2307692308,-0.014633101,-0.082410801
4,0.2325581395,-0.014761441,-0.083449767
4,0.2343470483,-0.014899511,-0.084504061
4,0.2361359571,-0.015047185,-0.085573415
4,0.2379248658,-0.015204333,-0.086657563
4,0.2397137746,-0.015370827,-0.087756237
4,0.2415026834,-0.015546539,-0.088869172
4,0.2432915921,-0.015731341,-0.089996101
4,0.2450805009,-0.015925105,-0.091136757
4,0.2468694097,-0.016127703,-0.092290873
4,0.2486583184,-0.016339006,-0.093458183
4,0.2504472272,-0.016558886,-0.09463842
4,0.252236136,-0.016769353,-0.09582165
4,0.2540250447,-0.016991619,-0.097019122
4,0.2558139535,-0.017225253,-0.098229466
4,0.2576028623,-0.017469821,-0.099451314
4,0.259391771,-0.017724893,-0.1006833
4,0.2611806798,-0.017990035,-0.10192404
4,0.2629695886,-0.018264815,-0.10317219
4,0.2647584973,-0.018548801,-0.10442636
4,0.2665474061,-0.018841561,-0.10568519
4,0.2683363148,-0.019142662,-0.10694731
4,0.2701252236,-0.019451673,-0.10821135
4,0.2719141324,-0.01976816,-0.10947595
4,0.2737030411,-0.020091692,-0.11073972
4,0.2754919499,-0.020421836,-0.11200131
4,0.2772808587,-0.020758161,-0.11325934
4,0.2790697674,-0.021100233,-0.11451245
4,0.2808586762,-0.021447621,-0.11575927
4,0.282647585,-0.021799892,-0.11699842
4,0.2844364937,-0.022156614,-0.11822854
4,0.2862254025,-0.022517355,-0.11944827
4,0.2880143113,-0.022882785,-0.12065617
4,0.28980322,-0.02325287,-0.12185188
4,0.2915921288,-0.023627578,-0.12303504
4,0.2933810376,-0.024006872,-0.12420527
4,0.2951699463,-0.024390721,-0.12536222
4,0.2969588551,-0.02477909,-0.12650552
4,0.2987477639,-0.025171946,-0.12763479
4,0.3005366726,-0.025569253,-0.12874968
4,0.3023255814,-0.025970979,-0.12984981
4,0.3041144902,-0.02637709,-0.13093482
4,0.3059033989,-0.026787552,-0.13200434
4,0.3076923077,-0.027202331,-0.13305801
4,0.3094812165,-0.027621393,-0.13409546
4,0.3112701252,-0.028044704,-0.13511632
4,0.313059034,-0.028472231,-0.13612023
4,0.3148479428,-0.028903939,-0.13710682
4,0.3166368515,-0.029339796,-0.13807572
4,0.3184257603,-0.029779766,-0.13902657
4,0.3202146691,-0.030223816,-0.139959
4,0.3220035778,-0.030671913,-0.14087264
4,0.3237924866,-0.031115571,-0.14181957
4,0.3255813953,-0.031564678,-0.14273674
4,0.3273703041,-0.032019045,-0.14362469
4,0.3291592129,-0.032478485,-0.14448396
4,0.3309481216,-0.03294281,-0.14531509
4,0.3327370304,-0.033411833,-0.14611864
4,0.3345259392,-0.033885365,-0.14689514
4,0.3363148479,-0.03436322,-0.14764514
4,0.3381037567,-0.03484521,-0.14836919
4,0.3398926655,-0.035331146,-0.14906782
4,0.3416815742,-0.035820842,-0.14974159
4,0.343470483,-0.036314109,-0.15039103
4,0.3452593918,-0.03681076,-0.1510167
4,0.3470483005,-0.037310607,-0.15161912
4,0.3488372093,-0.037813463,-0.15219886
4,0.3506261181,-0.03831914,-0.15275645
4,0.3524150268,-0.03882745,-0.15329243
4,0.3542039356,-0.039338206,-0.15380736
4,0.3559928444,-0.039851219,-0.15430177
4,0.3577817531,-0.040366303,-0.15477622
4,0.3595706619,-0.040883833,-0.15522755
4,0.3613595707,-0.041403766,-0.15565569
4,0.3631484794,-0.041926061,-0.15606058
4,0.3649373882,-0.042450674,-0.15644215
4,0.366726297,-0.042977565,-0.15680031
4,0.3685152057,-0.043506691,-0.15713501
4,0.3703041145,-0.04403801,-0.15744617
4,0.3720930233,-0.044571479,-0.15773372
4,0.373881932,-0.045107057,-0.15799759
4,0.3756708408,-0.0456447,-0.1582377
4,0.3774597496,-0.046184368,-0.15845399
4,0.3792486583,-0.046726018,-0.15864638
4,0.3810375671,-0.047269607,-0.15881481
4,0.3828264758,-0.047815094,-0.1589592
4,0.3846153846,-0.048362436,-0.15907948
4,0.3864042934,-0.048911591,-0.15917558
4,0.3881932021,-0.049462517,-0.15924743
4,0.3899821109,-0.050015172,-0.15929495
4,0.3917710197,-0.050569514,-0.15931808
4,0.3935599284,-0.051125499,-0.15931675
4,0.3953488372,-0.051683026,-0.15929121
4,0.397137746,-0.052242035,-0.15924157
4,0.3989266547,-0.052802469,-0.15916796
4,0.4007155635,-0.053364271,-0.15907049
4,0.4025044723,-0.053927381,-0.1589493
4,0.404293381,-0.054491743,-0.15880449
4,0.4060822898,-0.055057299,-0.15863619
4,0.4078711986,-0.055623991,-0.15844452
4,0.4096601073,-0.056191761,-0.15822961
4,0.4114490161,-0.056760551,-0.15799156
4,0.4132379249,-0.057330303,-0.1577305
4,0.4150268336,-0.05790096,-0.15744655
4,0.4168157424,-0.058472464,-0.15713984
4,0.4186046512,-0.059044757,-0.15681048
4,0.4203935599,-0.05961778,-0.15645859
4,0.4221824687,-0.060191478,-0.15608429
4,0.4239713775,-0.060765791,-0.1556877
4,0.4257602862,-0.061340661,-0.15526895
4,0.427549195,-0.061916032,-0.15482815
4,0.4293381038,-0.062491844,-0.15436543
4,0.4311270125,-0.063068051,-0.15388081
4,0.4329159213,-0.063644591,-0.15337446
4,0.4347048301,-0.064221407,-0.15284658
4,0.4364937388,-0.064798439,-0.15229735
4,0.4382826476,-0.065375628,-0.15172695
4,0.4400715564,-0.065952915,-0.15113557
4,0.4418604651,-0.066530241,-0.15052339
4,0.4436493739,-0.067107548,-0.14989058
4,0.4454382826,-0.067684775,-0.14923734
4,0.4472271914,-0.068261863,-0.14856385
4,0.4490161002,-0.068838755,-0.1478703
4,0.4508050089,-0.06941539,-0.14715685
4,0.4525939177,-0.06999171,-0.14642371
4,0.4543828265,-0.070567655,-0.14567105
4,0.4561717352,-0.071143167,-0.14489905
4,0.457960644,-0.071718186,-0.1441079
4,0.4597495528,-0.072292654,-0.14329779
4,0.4615384615,-0.072866511,-0.14246889
4,0.4633273703,-0.073439697,-0.14162139
4,0.4651162791,-0.074012155,-0.14075547
4,0.4669051878,-0.074583827,-0.13987125
4,0.4686940966,-0.075154649,-0.13896902
4,0.4704830054,-0.075724561,-0.13804902
4,0.4722719141,-0.076293499,-0.13711154
4,0.4740608229,-0.076861402,-0.13615685
4,0.4758497317,-0.077428206,-0.1351852
4,0.4776386404,-0.07799385,-0.13419688
4,0.4794275492,-0.078558272,-0.13319214
4,0.481216458,-0.079121408,-0.13217126
4,0.4830053667,-0.079683198,-0.13113451
4,0.4847942755,-0.080243578,-0.13008215
4,0.4865831843,-0.080802486,-0.12901446
4,0.488372093,-0.08135986,-0.1279317
4,0.4901610018,-0.081915637,-0.12683414
4,0.4919499106,-0.082469756,-0.12572205
4,0.4937388193,-0.083022154,-0.12459571
4,0.4955277281,-0.083572769,-0.12345537
4,0.4973166369,-0.084121538,-0.12230131
4,0.4991055456,-0.084668399,-0.1211338
4,0.5008944544,-0.085213289,-0.1199531
4,0.5026833631,-0.085762232,-0.11876978
4,0.5044722719,-0.086307894,-0.11757183
4,0.5062611807,-0.086850307,-0.11636065
4,0.5080500894,-0.087389503,-0.11513762
4,0.5098389982,-0.087925514,-0.11390411
4,0.511627907,-0.088458375,-0.11266151
4,0.5134168157,-0.088988115,-0.1114112
4,0.5152057245,-0.089514769,-0.11015455
4,0.5169946333,-0.090038368,-0.10889296
4,0.518783542,-0.090558945,-0.10762781
4,0.5205724508,-0.091076533,-0.10636047
4,0.5223613596,-0.091591163,-0.10509232
4,0.5241502683,-0.092102868,-0.10382475
4,0.5259391771,-0.09261168,-0.10255913
4,0.5277280859,-0.093117633,-0.10129686
4,0.5295169946,-0.093620758,-0.10003931
4,0.5313059034,-0.094121087,-0.098787854
4,0.5330948122,-0.094618654,-0.097543884
4,0.5348837209,-0.09511349,-0.096308778
4,0.5366726297,-0.095605628,-0.095083918
4,0.5384615385,-0.096094684,-0.093870697
4,0.5402504472,-0.096580605,-0.092669482
4,0.542039356,-0.097063337,-0.091480637
4,0.5438282648,-0.097542827,-0.090304528
4,0.5456171735,-0.098019023,-0.089141519
4,0.5474060823,-0.09849187,-0.087991977
4,0.5491949911,-0.098961316,-0.086856265
4,0.5509838998,-0.099427306,-0.08573475
4,0.5527728086,-0.099889789,-0.084627796
4,0.5545617174,-0.10034871,-0.083535768
4,0.5563506261,-0.10080402,-0.082459033
4,0.5581395349,-0.10125566,-0.081397954
4,0.5599284436,-0.10170357,-0.080352897
4,0.5617173524,-0.10214772,-0.079324227
4,0.5635062612,-0.10258803,-0.07831231
4,0.5652951699,-0.10302447,-0.07731751
4,0.5670840787,-0.10345697,-0.076340193
4,0.5688729875,-0.10388548,-0.075380724
4,0.5706618962,-0.10430995,-0.074439467
4,0.572450805,-0.10473033,-0.073516789
4,0.5742397138,-0.10514659,-0.072613178
4,0.5760286225,-0.10555871,-0.071728877
4,0.5778175313,-0.10596667,-0.070864126
4,0.5796064401,-0.10637045,-0.070019165
4,0.5813953488,-0.10677003,-0.069194237
4,0.5831842576,-0.1071654,-0.068389581
4,0.5849731664,-0.10755653,-0.067605438
4,0.5867620751,-0.10794341,-0.06684205
4,0.5885509839,-0.10832601,-0.066099658
4,0.5903398927,-0.10870431,-0.065378502
4,0.5921288014,-0.10907831,-0.064678823
4,0.5939177102,-0.10944797,-0.064000862
4,0.595706619,-0.10981328,-0.063344861
4,0.5974955277,-0.11017422,-0.062711059
4,0.5992844365,-0.11053077,-0.062099699
4,0.6010733453,-0.11088291,-0.06151102
4,0.602862254,-0.11123062,-0.060945265
4,0.6046511628,-0.11157389,-0.060402673
4,0.6064400716,-0.11191268,-0.059883486
4,0.6082289803,-0.11224699,-0.059387944
4,0.6100178891,-0.11257673,-0.058916494
4,0.6118067979,-0.11290195,-0.058469107
4,0.6135957066,-0.11322272,-0.058045759
4,0.6153846154,-0.11353909,-0.057646421
4,0.6171735242,-0.11385113,-0.057271068
4,0.6189624329,-0.11415889,-0.056919671
4,0.6207513417,-0.11446242,-0.056592205
4,0.6225402504,-0.11476181,-0.056288643
4,0.6243291592,-0.11505709,-0.056008958
4,0.626118068,-0.11534833,-0.055753122
4,0.6279069767,-0.11563558,-0.055521111
4,0.6296958855,-0.11591892,-0.055312895
4,0.6314847943,-0.11619839,-0.05512845
4,0.633273703,-0.11647406,-0.054967747
4,0.6350626118,-0.11674599,-0.054830761
4,0.6368515206,-0.11701423,-0.054717465
4,0.6386404293,-0.11727884,-0.054627831
4,0.6404293381,-0.11753989,-0.054561832
4,0.6422182469,-0.11779743,-0.054519444
4,0.6440071556,-0.11805152,-0.054500637
4,0.6457960644,-0.11830224,-0.054505442
4,0.6475849732,-0.11854964,-0.054533739
4,0.6493738819,-0.11879375,-0.05458541
4,0.6511627907,-0.11903462,-0.054660335
4,0.6529516995,-0.11927229,-0.054758395
4,0.6547406082,-0.1195068,-0.054879472
4,0.656529517,-0.11973819,-0.055023445
4,0.6583184258,-0.11996652,-0.055190196
4,0.6601073345,-0.12019181,-0.055379607
4,0.6618962433,-0.12041411,-0.055591557
4,0.6636851521,-0.12063346,-0.055825927
4,0.6654740608,-0.12084991,-0.056082599
4,0.6672629696,-0.1210635,-0.056361454
4,0.6690518784,-0.12127426,-0.056662372
4,0.6708407871,-0.12148225,-0.056985235
4,0.6726296959,-0.1216875,-0.057329922
4,0.6744186047,-0.12189006,-0.057696316
4,0.6762075134,-0.12208997,-0.058084297
4,0.6779964222,-0.12228726,-0.058493746
4,0.6797853309,-0.12248199,-0.058924544
4,0.6815742397,-0.12268045,-0.059327672
4,0.6833631485,-0.1228752,-0.059761439
4,0.6851520572,-0.12306632,-0.060224909
4,0.686940966,-0.1232539,-0.060717149
4,0.6887298748,-0.123438,-0.061237223
4,0.6905187835,-0.12361872,-0.061784199
4,0.6923076923,-0.12379613,-0.062357141
4,0.6940966011,-0.12397031,-0.062955116
4,0.6958855098,-0.12414133,-0.063577188
4,0.6976744186,-0.12430929,-0.064222425
4,0.6994633274,-0.12447425,-0.06488989
4,0.7012522361,-0.1246363,-0.065578652
4,0.7030411449,-0.12479551,-0.066287774
4,0.7048300537,-0.12495197,-0.067016323
4,0.7066189624,-0.12510576,-0.067763365
4,0.7084078712,-0.12525695,-0.068527965
4,0.71019678,-0.12540563,-0.069309189
4,0.7119856887,-0.12555187,-0.070106102
4,0.7137745975,-0.12569575,-0.070917772
4,0.7155635063,-0.12583735,-0.071743262
4,0.717352415,-0.12597638,-0.072584944
4,0.7191413238,-0.12611277,-0.073442622
4,0.7209302326,-0.12624642,-0.0743161
4,0.7227191413,-0.12637727,-0.075205183
4,0.7245080501,-0.12650523,-0.076109676
4,0.7262969589,-0.12663022,-0.077029383
4,0.7280858676,-0.12675217,-0.077964108
4,0.7298747764,-0.12687099,-0.078913655
4,0.7316636852,-0.1269866,-0.07987783
4,0.7334525939,-0.12709893,-0.080856437
4,0.7352415027,-0.1272079,-0.081849281
4,0.7370304114,-0.12731341,-0.082856165
4,0.7388193202,-0.12741541,-0.083876894
4,0.740608229,-0.1275138,-0.084911273
4,0.7423971377,-0.12760851,-0.085959107
4,0.7441860465,-0.12769945,-0.087020199
4,0.7459749553,-0.12778656,-0.088094354
4,0.747763864,-0.12786974,-0.089181377
4,0.7495527728,-0.12794892,-0.090281072
4,0.7513416816,-0.12802402,-0.091393244
4,0.7531305903,-0.12809502,-0.092518018
4,0.7549194991,-0.12816184,-0.093654269
4,0.7567084079,-0.12822436,-0.094800871
4,0.7584973166,-0.12828248,-0.095956696
4,0.7602862254,-0.1283361,-0.09712062
4,0.7620751342,-0.12838513,-0.098291517
4,0.7638640429,-0.12842945,-0.099468259
4,0.7656529517,-0.12846897,-0.10064972
4,0.7674418605,-0.12850359,-0.10183478
4,0.7692307692,-0.1285332,-0.1030223
4,0.771019678,-0.12855771,-0.10421117
4,0.7728085868,-0.128577,-0.10540025
4,0.7745974955,-0.12859099,-0.10658842
4,0.7763864043,-0.12859957,-0.10777455
4,0.7781753131,-0.12860263,-0.10895753
4,0.7799642218,-0.12860008,-0.11013621
4,0.7817531306,-0.12859181,-0.11130948
4,0.7835420394,-0.12857773,-0.11247621
4,0.7853309481,-0.12855773,-0.11363527
4,0.7871198569,-0.12853171,-0.11478553
4,0.7889087657,-0.12849956,-0.11592526
4,0.7906976744,-0.12846119,-0.11705407
4,0.7924865832,-0.12841647,-0.11817157
4,0.7942754919,-0.12836531,-0.11927739
4,0.7960644007,-0.12830761,-0.12037114
4,0.7978533095,-0.12824325,-0.12145244
4,0.7996422182,-0.12817213,-0.12252091
4,0.801431127,-0.12809415,-0.12357616
4,0.8032200358,-0.1280092,-0.12461782
4,0.8050089445,-0.12791717,-0.12564549
4,0.8067978533,-0.12781796,-0.12665881
4,0.8085867621,-0.12771147,-0.12765739
4,0.8103756708,-0.12759759,-0.12864083
4,0.8121645796,-0.12747621,-0.12960878
4,0.8139534884,-0.12734722,-0.13056083
4,0.8157423971,-0.12721053,-0.13149661
4,0.8175313059,-0.12706602,-0.13241574
4,0.8193202147,-0.1269136,-0.13331783
4,0.8211091234,-0.12675315,-0.1342025
4,0.8228980322,-0.12658458,-0.13506937
4,0.824686941,-0.12640774,-0.13591801
4,0.8264758497,-0.12622257,-0.13674816
4,0.8282647585,-0.12602899,-0.1375596
4,0.8300536673,-0.12582692,-0.13835208
4,0.831842576,-0.12561629,-0.13912536
4,0.8336314848,-0.12539701,-0.13987919
4,0.8354203936,-0.12516901,-0.14061335
4,0.8372093023,-0.12493222,-0.14132759
4,0.8389982111,-0.12468655,-0.14202167
4,0.8407871199,-0.12443193,-0.14269535
4,0.8425760286,-0.12416828,-0.14334839
4,0.8443649374,-0.12389553,-0.14398055
4,0.8461538462,-0.12361359,-0.14459158
4,0.8479427549,-0.1233224,-0.14518126
4,0.8497316637,-0.12302187,-0.14574933
4,0.8515205725,-0.12271192,-0.14629556
4,0.8533094812,-0.12239248,-0.14681971
4,0.85509839,-0.12206348,-0.14732154
4,0.8568872987,-0.12172483,-0.14780081
4,0.8586762075,-0.12137645,-0.14825727
4,0.8604651163,-0.12104289,-0.14874987
4,0.862254025,-0.12069465,-0.14920766
4,0.8640429338,-0.12033215,-0.14963155
4,0.8658318426,-0.11995578,-0.15002245
4,0.8676207513,-0.11956597,-0.15038127
4,0.8694096601,-0.11916309,-0.15070893
4,0.8711985689,-0.11874757,-0.15100632
4,0.8729874776,-0.11831981,-0.15127438
4,0.8747763864,-0.1178802,-0.151514
4,0.8765652952,-0.11742915,-0.1517261
4,0.8783542039,-0.11696708,-0.15191158
4,0.8801431127,-0.11649437,-0.15207136
4,0.8819320215,-0.11601143,-0.15220636
4,0.8837209302,-0.11551867,-0.15231747
4,0.885509839,-0.11501649,-0.15240562
4,0.8872987478,-0.1145053,-0.15247171
4,0.8890876565,-0.11398549,-0.15251665
4,0.8908765653,-0.11345748,-0.15254135
4,0.8926654741,-0.11292166,-0.15254673
4,0.8944543828,-0.11237844,-0.1525337
4,0.8962432916,-0.11182657,-0.15249917
4,0.8980322004,-0.11126608,-0.15244316
4,0.8998211091,-0.11069698,-0.15236568
4,0.9016100179,-0.1101193,-0.15226672
4,0.9033989267,-0.10953308,-0.15214631
4,0.9051878354,-0.10893833,-0.15200444
4,0.9069767442,-0.10833508,-0.15184113
4,0.908765653,-0.10772336,-0.15165639
4,0.9105545617,-0.10710319,-0.15145022
4,0.9123434705,-0.1064746,-0.15122264
4,0.9141323792,-0.10583762,-0.15097365
4,0.915921288,-0.10519226,-0.15070325
4,0.9177101968,-0.10453857,-0.15041147
4,0.9194991055,-0.10387655,-0.1500983
4,0.9212880143,-0.10320624,-0.14976375
4,0.9230769231,-0.10252767,-0.14940784
4,0.9248658318,-0.10184085,-0.14903057
4,0.9266547406,-0.10114582,-0.14863195
4,0.9284436494,-0.1004426,-0.148212
4,0.9302325581,-0.099731223,-0.1477707
4,0.9320214669,-0.09901188,-0.14730846
4,0.9338103757,-0.098284652,-0.14682545
4,0.9355992844,-0.097549615,-0.14632189
4,0.9373881932,-0.096806847,-0.14579797
4,0.939177102,-0.096056422,-0.14525389
4,0.9409660107,-0.095298417,-0.14468985
4,0.9427549195,-0.094532908,-0.14410604
4,0.9445438283,-0.093759972,-0.14350268
4,0.946332737,-0.092979684,-0.14287995
4,0.9481216458,-0.092192122,-0.14223805
4,0.9499105546,-0.09139736,-0.14157719
4,0.9516994633,-0.090595476,-0.14089755
4,0.9534883721,-0.089786545,-0.14019935
4,0.9552772809,-0.088970644,-0.13948278
4,0.9570661896,-0.088147848,-0.13874804
4,0.9588550984,-0.087318235,-0.13799532
4,0.9606440072,-0.08648188,-0.13722483
4,0.9624329159,-0.08563886,-0.13643676
4,0.9642218247,-0.08478925,-0.13563132
4,0.9660107335,-0.083933127,-0.1348087
4,0.9677996422,-0.083070539,-0.133969
4,0.969588551,-0.082201568,-0.13311248
4,0.9713774597,-0.081326296,-0.1322394
4,0.9731663685,-0.080444805,-0.13135003
4,0.9749552773,-0.079557177,-0.13044462
4,0.976744186,-0.078663493,-0.12952343
4,0.9785330948,-0.077763836,-0.12858674
4,0.9803220036,-0.076858287,-0.12763479
4,0.9821109123,-0.075946929,-0.12666785
4,0.9838998211,-0.075029843,-0.12568618
4,0.9856887299,-0.074107111,-0.12469005
4,0.9874776386,-0.073178816,-0.1236797
4,0.9892665474,-0.072245039,-0.12265542
4,0.9910554562,-0.071305862,-0.12161744
4,0.9928443649,-0.070361366,-0.12056605
4,0.9946332737,-0.069411635,-0.11950149
4,0.9964221825,-0.06845675,-0.11842404
4,0.9982110912,-0.067496792,-0.11733394
4,1,-0.066531844,-0.11623147
